date,Lo 10,2-Dec,3-Dec,4-Dec,5-Dec,6-Dec,7-Dec,8-Dec,9-Dec,Hi 10
192607,-1.45,0.29,-0.15,1.33,1.24,1.98,1.55,1.38,3.38,3.29
192608,5.12,2.59,4.03,3.15,2.72,4.72,1.6,1.63,0.98,3.7
192609,0.93,-1.87,-2.27,-0.53,0.07,-0.07,-1.64,0.64,-0.86,0.67
192610,-4.84,-1.77,-3.36,-4.83,-2.98,-2.8,-3.45,-3.27,-3.47,-2.43
192611,-0.78,-0.32,-0.29,4.65,3.24,3.57,3.82,2.95,3.61,2.7
192612,-2.66,4.96,5.25,2.31,1.35,1.28,1.82,3.45,3.27,3.01
192701,4.53,0.77,0.34,2.18,-0.64,2.15,1.61,0.83,0.27,-0.43
192702,6.85,7.19,5.31,6.05,5.63,8.06,6.75,3.94,4.91,3.65
192703,-5.91,-1.65,-1.79,-1.24,-3.14,-3.39,0.02,-2.19,-0.46,0.85
192704,4.67,5.01,0.68,-0.62,0.43,-0.23,-0.2,-0.12,-0.61,0.9
192705,5.31,8.96,5.79,7.71,6.07,7.11,6.39,6.05,5.7,5.25
192706,-2.01,-4.98,-0.14,-0.47,-2.58,-0.25,-1.4,-2.97,-3.59,-2.14
192707,8.04,5.31,4.52,5.74,3.18,5.62,5.62,6.22,6.3,7.85
192708,-0.88,-0.34,-0.62,0.53,-1.24,0.81,0.71,1.7,1.62,1.71
192709,-0.71,0.81,1.61,2.7,1.75,4.39,5.43,4.61,4.7,5.34
192710,-5.55,-7.46,-2.78,-1.73,-3.01,-2.72,-2.33,-3.55,-4.27,-3.76
192711,22.42,11.68,14.51,6.14,7.7,8.12,8.13,7.9,7.07,6.56
192712,4.49,3.05,1.9,2.07,3.12,4.63,1.28,4.08,5.73,0.73
192801,16.79,5.51,3.57,2.07,2.87,1.45,1.95,0.31,0.23,-1.16
192802,-1.55,-1.02,-2.79,-3.55,-3.75,-1.93,-2.52,-3.18,-2,-1.22
192803,5.85,3.86,8.92,6.44,8.36,6.97,5.45,10.98,6.88,6.79
192804,27.75,9.47,9.51,6.95,7.44,4.92,7.25,4.35,4.86,3.59
192805,12.32,9.86,7.07,1.45,1.42,2.31,1.2,0.82,1.6,0.87
192806,-9.65,-10.12,-8.07,-6.63,-7.95,-5.68,-5.92,-5.5,-4.22,-4.14
192807,-2.72,1.68,-1.57,-1.01,0.75,1.36,1.02,0.69,1.57,1.17
192808,2.81,3.93,2.94,6.28,4.99,7.43,7.78,8.49,6.39,7.65
192809,8.63,4.22,4.62,5.98,4.23,6.43,4.93,5.29,4.58,2.34
192810,2.24,1.9,1.43,2.38,3.23,1.01,0.71,-0.67,1.67,1.87
192811,13.15,15.63,8.94,7.53,11.22,14.29,11.58,9.75,9.98,14.62
192812,-2.31,-3.88,-1.68,-0.68,-0.02,1.13,1.61,1.34,0.97,0.47
192901,6.36,2.67,0.26,2.73,1.28,1.8,3.58,4.22,6.34,4.93
192902,1.19,-1.6,1.19,1.42,-0.45,1.63,2.31,0.11,-0.46,-0.15
192903,-4.14,-3.44,-3.22,-5.42,-3.85,-4.8,-3.88,-2,-0.04,0.32
192904,5.03,-0.79,-2.02,2.59,2.03,1.66,2.99,-0.19,1.21,1.72
192905,-11.89,-14.8,-14.61,-10.18,-8.23,-8.48,-7.98,-6.03,-3.59,-3.43
192906,4.14,6.7,6.58,5.95,8.52,7.67,10.31,9.13,9.84,9.06
192907,-1.99,-0.69,1.03,2.31,1.61,2.1,2.72,2.46,4.86,4.55
192908,-2.29,-2.11,2.02,0.99,0.35,2.88,3.45,4.34,7.32,9.8
192909,-5.22,-8.51,-4.29,-4.1,-3.48,-3.25,-4.05,-2.07,-3.83,-5.08
192910,-19.21,-20.16,-22.7,-17.97,-22.31,-19.26,-23.31,-21.16,-18.48,-17.75
192911,-11.33,-13.48,-14,-12.61,-12.89,-12.8,-13.63,-10.75,-11.82,-11.94
192912,-12.05,-6.43,-7.36,-2.94,-0.82,-1.92,1.29,-2.25,4.33,2.22
193001,17.76,18.13,13.7,10.96,10.2,10.72,8.43,7.8,5.25,4.06
193002,5.06,3.66,4.13,3.62,2.49,3.33,1.07,2.92,3.46,3.02
193003,18.17,12.32,14.15,7.35,13.01,8.31,8.9,9.15,6.69,5.9
193004,-9.44,-6.82,-1,-6.64,-2.69,-5.59,-5.41,-4.32,-5.6,-0.69
193005,-10.6,-4.98,-6.34,-2.97,-2.36,-2.85,-4.03,-2.82,-0.97,-0.78
193006,-19.75,-19.26,-20.04,-19.93,-18.12,-17.12,-18.67,-18.53,-16.72,-14.96
193007,1.61,2.68,2.24,4.7,5.05,5.01,3.71,3.68,4.98,3.93
193008,-5.31,-3.86,-3.07,-1.06,-3.22,-0.72,-1.19,0.26,-0.81,0.19
193009,-13.93,-21.9,-17.93,-14.78,-14.48,-14.82,-15.91,-11.86,-14.17,-11.73
193010,-6.89,-10.65,-10.87,-10.67,-9.59,-11.41,-8.98,-10.12,-11.42,-8.34
193011,-4.63,-1.71,-1.68,-2.64,-0.62,-1.59,-3.02,-1.7,-2.92,-2.58
193012,-22.4,-17.87,-18.64,-17.33,-11.57,-11.19,-11.67,-9.65,-11.49,-7.57
193101,25.81,20.57,20.85,16.38,12.23,12.65,8.48,8.08,11.32,6.71
193102,23.06,26.09,18.21,12.41,14.11,14.93,14.26,9.91,13.72,11.17
193103,-0.77,-8.09,-4.14,-4.99,-5.95,-6.94,-8.45,-7.62,-9.28,-5.97
193104,-18.59,-19.27,-17.18,-17.37,-14.75,-15.42,-15.14,-12.49,-13.22,-10.23
193105,-13.01,-16.67,-10.41,-12.42,-12.78,-14.71,-15.38,-16.73,-17.42,-13.1
193106,24.01,19.74,16.74,14.32,17.11,16.82,18.38,21.56,19.46,15.95
193107,-3.77,-8.24,-5.53,-6.81,-8.71,-8.32,-6.07,-6.6,-7.25,-7.31
193108,-6.67,-4.59,-3.46,-0.07,-3.08,-1.2,-1.17,1.56,-0.43,0.62
193109,-25.26,-33.02,-31.17,-31.77,-31.44,-32.83,-27.89,-30.73,-32.31,-28.43
193110,5.94,11.48,8.97,12.9,10.25,12.26,9.85,10.17,8.85,7.79
193111,-6.9,-10.76,-6.87,-10.1,-6.33,-9.58,-10.03,-8.39,-11.32,-10.07
193112,-24.42,-22.65,-20.16,-15.29,-20.58,-18.45,-13.46,-16.05,-16.73,-15.39
193201,21.35,14.51,10.04,11.45,6.16,6.64,1.85,2.99,5.34,1.74
193202,-1.14,2.11,4.48,-4.15,4.2,0.68,2.92,2.79,3.87,5.69
193203,-9.71,-11.34,-12.99,-10.29,-14.49,-12.7,-12.32,-12.08,-11.9,-12.82
193204,-15.08,-20.78,-20.26,-14.86,-20.15,-15.71,-14.58,-17.49,-18.51,-18.72
193205,-5.45,-8.54,-20.04,-21.02,-25.22,-25.49,-21.73,-23.34,-26.62,-25.06
193206,5.43,-2.36,2.01,7.02,9.33,6.02,2.61,6.36,3.4,0.96
193207,48.19,46.94,55.08,46.73,38.22,45.69,32.96,42.33,42.18,35.3
193208,134.29,91.24,76.45,68.61,55.9,57.18,51.9,49.37,41.34,37.79
193209,-10.88,-8.1,-10.16,-4.78,-4.65,-5.77,-3.83,-3.96,-2.07,-1.78
193210,-18.03,-19.01,-17.91,-19.95,-17.03,-18.58,-14.8,-15.44,-12.89,-11.73
193211,-8.33,-0.67,-10.85,-8.68,-6.97,-7.33,-7.49,-5.87,-5.64,-6.09
193212,-9.2,-12.76,-6.4,-9.66,-4.27,-0.74,-4.03,2.07,2.64,5.48
193301,0.66,5.9,1.73,6.98,3.12,7.5,1.04,4.73,2.55,0.12
193302,-12.51,-10.64,-21.91,-16.72,-16.02,-17.67,-14.6,-14.47,-15.94,-15.28
193303,12.24,15.03,19.73,13.68,7.94,7.52,10.54,10.27,4.3,3.94
193304,55.69,57.37,52.53,54.74,50.54,56.63,48.46,49.46,47.53,35.74
193305,109.81,106.16,83.08,80.21,58,45.2,46.62,31.59,22.13,25.08
193306,47.69,38.92,26.6,20.94,19.86,16.99,14.19,13.79,14.98,13.19
193307,1.62,-5.98,-5.51,-11.4,-15.51,-14.22,-8.47,-12.21,-10.62,-11.17
193308,0.61,5.18,8.15,8.54,13.42,15.73,15.36,17.53,14.91,12.15
193309,-20.26,-18.77,-16.47,-16.5,-13.52,-16.27,-14.73,-11.53,-11.34,-11.46
193310,-10.3,-12.97,-11.88,-11.62,-12.17,-11.93,-8.48,-10.67,-8,-8.67
193311,0.56,6.96,1.8,7.01,5.43,7.97,8.49,9.6,8.39,9.64
193312,-1.44,-2.1,5.16,0.81,2.63,4.1,2.33,1.97,2.6,1.52
193401,53.68,52.77,39.28,39.77,29.48,32.06,24.82,18.81,16.74,14.24
193402,7.31,8.19,3.96,0.34,0.35,2.78,-2.2,-1.44,-3.14,-3.38
193403,2.69,-1.35,2.45,0.53,1.51,-1.09,0.41,0.88,0.6,-0.39
193404,4.1,2.2,1.15,-0.1,-1.55,-0.98,-2.35,-0.91,-1.04,-1.76
193405,-14.85,-15.01,-11.33,-11.63,-9.85,-10.88,-11.19,-7.99,-9,-7.32
193406,-5.74,-1.25,-2.98,-1.5,1.38,0.25,0.62,3.76,3.13,3.53
193407,-19.72,-24.86,-24.59,-22.62,-20.51,-18.08,-15.84,-15.25,-14.23,-10.1
193408,8.23,13.94,16.1,9.54,12.02,9.52,8.22,7.29,6.42,4.95
193409,-2.13,-1.76,-2.73,-1.63,-1.67,-0.57,0.81,-0.51,-0.92,-0.01
193410,-4.39,-2.04,-1.3,-2.61,-2.8,-2.14,-1.59,-1.87,0.19,-1.65
193411,15.81,16.82,15.31,14.14,15.35,11.93,13.16,11.56,9.09,8.07
193412,1.87,0.59,3.44,1.02,2.52,1.6,1.75,1.83,0.03,-0.18
193501,1.14,-1.61,-3.68,-1.98,-4.88,-3.27,-4.06,-5.14,-5.18,-3.11
193502,-12.74,-8.77,-6.05,-7.32,-3.54,-5.93,-4.22,-3.18,-2.33,-2.18
193503,-8.97,-11.45,-11.56,-8.57,-8.45,-8.11,-5.38,-3.88,-4.46,-1.68
193504,7.96,11.33,11.08,11.03,8.6,10.74,7.43,7.04,10.42,9.45
193505,-0.25,2.47,2.19,3.47,-0.08,3.22,1.61,2.56,5.26,3.85
193506,-1.48,0.69,2.25,3.41,2.05,6.94,6.1,5.56,7.63,6.4
193507,15.08,14.3,13.22,15.3,11.62,11.36,8.49,7.21,6.89,7.2
193508,23.67,16.79,13.23,7.8,8.17,5.86,3.61,2.36,2.76,0.57
193509,-1.07,3.34,1.39,3.23,5.85,2.67,2.04,2.37,2.21,1.32
193510,5.25,10.48,11.29,9.45,9.14,10.3,5.77,7.85,8.25,6.81
193511,49.26,31.82,16.42,10.07,10.52,9.42,7.09,4.55,5.58,4.56
193512,4.67,2.21,6.76,7.22,6.05,10,6.66,6.11,3.93,4.89
193601,46.36,24.31,19.48,14.33,8.54,11.26,9.3,4.54,8,6.21
193602,1.83,8.55,6.14,5.42,6.17,3.06,3.05,3.78,3.52,1.5
193603,-1.08,1.3,1.23,0.39,1.32,5.14,0.9,-0.95,0.38,0.15
193604,-23.67,-14.54,-15.71,-14.9,-11.38,-10.2,-9.7,-9.18,-9.04,-6.23
193605,7.21,5.58,3.91,6.67,6.82,5.38,3.1,3.91,4.53,5.7
193606,-4.58,-0.14,-1.14,-0.19,-0.51,0.5,0.79,-0.56,2,3.2
193607,5.61,9.32,6.97,11.13,9,9.14,8.46,8.32,5.57,6.32
193608,3.32,2.65,-0.05,3.47,2.12,2.68,3.51,2.22,1.04,0.56
193609,6.97,5.25,3.29,3.42,4.81,3.2,2,2.72,1.75,0.52
193610,8.45,7.77,6.71,6.91,4.35,5.96,5.35,7.19,5.97,7.66
193611,27.73,11.02,10.32,10.13,10.7,7.45,5.1,5.2,3.49,2.86
193612,7.07,1.53,3.26,4.41,3.81,2.05,2.66,0.93,1.23,-0.08
193701,17.81,12.93,11.47,6.88,7.36,7.2,4.59,4.57,2.83,2.23
193702,3.28,6.81,1.77,1.91,3.49,2.22,3.1,2.3,1.49,0.7
193703,-0.88,3.67,-1.07,-0.65,-0.37,-0.55,0.42,0.19,0.22,-0.37
193704,-15.1,-16.26,-10.72,-11.78,-9.37,-7.66,-8.15,-8.84,-7.13,-6.41
193705,-3.87,-3.33,-3.39,-1.99,-1.03,-3.35,-1.63,-1.9,-2.6,-0.4
193706,-13.57,-11.16,-9.39,-8.56,-7.86,-6.79,-6.4,-5.51,-3.54,-4.28
193707,13.36,11.54,9.43,9.38,9.96,9.19,8.82,8.4,9.88,9.49
193708,-10.5,-5.95,-4.3,-5.21,-4.38,-5.29,-4.54,-4.28,-4.62,-4.96
193709,-21.78,-23.73,-22.15,-20.83,-20.44,-19.93,-19.39,-16.39,-16.65,-12.86
193710,-8.7,-8.01,-12.08,-10.24,-11.17,-11.25,-11.16,-8.84,-9.96,-9.76
193711,-13.7,-14.18,-13.22,-10.99,-12.07,-8.91,-11.37,-9.24,-8.53,-7.66
193712,-12.64,-15.74,-14.65,-12.06,-11.69,-11.35,-10.16,-5.64,-5.07,-3.37
193801,8.02,7.86,6.6,5.19,6.18,3.91,2.33,2.66,-0.56,0.16
193802,-2.16,3.54,7.82,7.03,7.1,7.39,7.2,6.54,10.24,6.1
193803,-29.05,-32.9,-30.98,-29.43,-30.32,-27.38,-28.35,-25.48,-26.32,-24.39
193804,19.62,26.23,22.92,20.88,23.52,19.18,18.46,19.08,17.22,14.73
193805,-9.33,-8.06,-7.56,-6.99,-7.58,-6.65,-8.76,-5.94,-5.38,-3.99
193806,29.21,32.87,31.16,32.06,33.91,33.37,33.85,28.36,29.78,26.65
193807,15.49,15.61,15.43,13.81,13.88,10.55,12.48,11.86,7.43,5.67
193808,-14.99,-9.56,-7.81,-4.49,-5.94,-4.98,-5.35,-4.14,-3.84,-2.48
193809,-3.03,-3.31,-2.32,-2.4,-2.34,-1.65,-0.5,-1.39,0.59,0.99
193810,21.98,14.07,19.5,14.8,14.57,14.35,13.7,11.77,12.01,7.14
193811,-10.34,-5.7,-4.96,-4.82,-3.64,-1.84,-2.89,-1.13,-1.7,-1.51
193812,-4.2,0.34,2.47,4.74,3.87,5.76,4.78,4.95,4.3,4.56
193901,-4.06,-8.19,-10.07,-8.28,-8.37,-8,-7.81,-7.47,-7.68,-5.35
193902,1.07,4.94,4.25,4.03,5.81,4.75,4.56,3.68,4.83,3.04
193903,-18.22,-19.56,-20.07,-18.46,-18.71,-17.33,-19.64,-15.11,-15.64,-10.36
193904,-1.16,1.8,0.55,0.67,0.12,-0.32,-0.34,-0.56,-0.36,-0.6
193905,6.08,7.09,8.61,9.53,10.31,10.25,9.85,8.73,8.06,6.25
193906,-9.15,-12.18,-8.96,-9.54,-7.94,-8.16,-8.77,-6.77,-7.88,-4.79
193907,12.99,14.97,12.16,16.59,15.82,13.42,16.5,13.08,11.81,8.87
193908,-10.34,-13.23,-12.38,-12.53,-10.82,-10.02,-11.82,-9.45,-9.89,-5.56
193909,111.88,60.69,43.72,40.04,35.46,29.11,27.99,17.74,19.62,15.4
193910,-8.91,-2.74,-0.12,-1.15,1.86,0.21,0.99,1.95,0.08,-0.14
193911,-17.09,-12.49,-10.28,-8.63,-8.11,-5.89,-6.66,-4.82,-5.31,-2.74
193912,-6.25,0.37,-0.77,3.37,3.83,4.24,2.95,2.44,2.92,3.16
194001,-0.21,-3.29,0.03,-3.57,-1.55,-1.8,-1.76,-2.34,-2.31,-1.93
194002,3.98,5.84,3.99,2.74,3.65,3.36,2.66,2.36,0.46,0.92
194003,0.25,5.51,3.64,2.27,3.73,2.76,2.55,2.31,2.67,1.62
194004,-1,4.65,4.25,1.08,2.12,2.31,1.32,-2.19,-0.5,0.38
194005,-29.14,-30.56,-28.7,-26.51,-28.78,-25.4,-29.11,-25.43,-24.02,-21.26
194006,3.8,6.35,5.68,7.41,6.25,6.49,8.04,8.49,8.37,5.95
194007,4.25,2.27,2.72,3.51,5.13,5.93,4.07,3.82,3.03,2.8
194008,-0.74,1.99,4.59,2.81,2.02,1.96,3.2,1.94,2.86,1.34
194009,3.38,5,3.87,5.69,5.27,4.75,2.5,2.81,3.1,2.02
194010,-0.74,7.28,5.52,7.23,4.15,4.81,5.95,7.14,4.78,2.51
194011,-1.84,0.49,1.4,0.19,0.99,1.02,-0.45,-1.35,-1.8,-1.51
194012,-10.54,-3.29,-1.84,-2.13,-1.04,0.28,-0.26,-0.22,-1,1.65
194101,18.95,-0.57,-0.29,-1.84,-2.26,-4.59,-3.36,-3.58,-2.72,-3.86
194102,0.05,-4.3,-1.67,-2.83,-2.92,-1.45,-1.95,-1.5,-1.78,-1.36
194103,3.08,2.29,2.77,1.19,1.43,1.07,-0.16,0.63,0.95,0.27
194104,-4.4,-6.85,-6.01,-7.11,-5.69,-4.55,-7.2,-6.19,-4.99,-4.68
194105,-1.27,0.52,2.49,1.48,0.8,1.75,0.59,2.1,0.72,0.93
194106,11.11,9.22,5.42,6.08,5.93,7.31,5.69,5.35,6.21,5.1
194107,27.84,21.72,12.25,12.87,11.43,9.39,11.97,8.85,7.59,5.88
194108,-1.79,-0.57,0.09,-1.59,-1.74,-0.94,0.06,0.72,-0.65,-0.39
194109,-5.65,-3.67,-1.83,-2.13,-1.4,-1.71,-1.16,-0.79,-0.83,-1.48
194110,-9.17,-6.98,-4.79,-6.77,-5.97,-6.87,-5.26,-5.23,-5.52,-5.76
194111,-8.4,-6.32,-4.76,-2.8,-2.38,-1.73,-2.09,-1.38,-2.78,-1.84
194112,-15.92,-14.61,-9.42,-10.32,-8.44,-4.3,-6.05,-4.77,-6.58,-2.48
194201,56.84,22.86,12.34,13.64,9.44,5.06,6.84,2.61,5.29,0.98
194202,1.13,-2.39,-1.06,-0.78,-0.27,-1.99,-1.32,-1.84,-2.53,-3.21
194203,-6.4,-4.71,-4.2,-3.01,-5.66,-3.33,-5.32,-5.54,-6.08,-7.41
194204,-1.77,-5.37,-4.22,-5.71,-3.78,-5.27,-5.64,-5.31,-4.92,-3.88
194205,-1.26,0.82,2.32,1.9,2.24,2.81,3.66,4.35,5.55,6.3
194206,4.57,2.36,0.6,2.05,1.61,2.28,2.03,2.66,3.18,3.39
194207,7.07,5.55,3.41,4.22,4.66,3.71,4.11,4.9,4.75,3.46
194208,7,1.64,4.23,2.16,2.56,3.11,1.27,2.93,2.32,1.45
194209,16.7,6.64,4.64,3.44,2.73,2.45,3.2,2.94,2.95,2.36
194210,15.19,12.33,11.62,12.34,8.84,9.7,8.99,8.29,7.09,5.79
194211,-5.4,-2.38,-0.73,-3.56,-1.53,-0.69,-0.69,-1.5,0.07,0.04
194212,-2.56,0.36,3.1,4.57,3.52,3.36,4.61,5.92,6.73,5.16
194301,48.69,28.88,16.55,16.97,14.1,11.66,9.57,7.94,8.69,6.76
194302,46.57,17.52,11.74,11.77,10.13,8.83,7.69,6.57,7.7,4.79
194303,11.6,17.06,16.46,12.72,9.75,11.13,8,10.19,9.03,5.37
194304,11.38,7.24,4.63,4.07,1.95,2.54,2.72,0.15,1.39,-0.62
194305,17.26,11.92,9.26,11.05,7.98,5.4,5.54,5.37,4.92,5.16
194306,-1.97,0.63,2.15,0.9,1.11,2.66,1.1,1.69,1.93,1.59
194307,-6.67,-7.95,-7.92,-6.03,-7.9,-5.7,-7.46,-5.97,-5.69,-3.59
194308,-4.38,-0.36,-0.14,0.46,1.1,1.07,1.21,1.43,1.76,1.15
194309,5.36,3.91,4.36,4.29,2.96,3.16,3.72,2.2,2.83,2.47
194310,-0.81,0.05,-0.24,1.7,-0.82,0.15,-0.7,-0.51,-1.25,-0.93
194311,-13.29,-11.77,-9.5,-7.77,-8.98,-8.65,-9.12,-7.6,-7.48,-5.39
194312,12.88,11.78,10.89,9.58,9.83,10.17,10.79,8.2,8.41,5.61
194401,9.99,6.19,6.34,4.73,4.62,3.96,3.16,2.86,2.2,1.84
194402,4.51,2.51,1.2,0.9,1.57,1.61,0.53,1.7,0.35,-0.04
194403,5.21,7.03,5.4,4.38,3.75,4.39,3.67,2.13,3.5,2.02
194404,-3.88,-3.37,-3.99,-2.67,-3.02,-2.72,-2.99,-3.21,-2.25,-1.61
194405,7.99,8.32,6.43,6.27,7.06,7.08,7.23,5.49,6.05,4.27
194406,20.38,15.89,11.44,9.46,9.08,8.58,11.44,7.49,6.65,5.02
194407,-1.81,-1.28,-1.7,-1.32,0.23,-1.56,-1.41,-1.1,-1.83,-0.84
194408,5.84,1.78,3.82,3.34,4.04,3.1,3,1.98,2.59,1.22
194409,-1.35,0.42,0.59,-0.27,0.17,0.57,-0.31,0.66,-0.25,-0.12
194410,0.48,1.65,-0.13,-0.38,-0.15,-0.49,-0.87,0.17,0.2,0.17
194411,3.39,2.63,3.79,1.72,2.38,1.17,2.22,2.66,1.59,1.71
194412,11.23,8.85,6.75,8.31,6.98,6.56,7.23,5.4,4.44,4.06
194501,8.79,4.97,6.44,4.61,4.34,3.96,3.07,3.06,2.65,2.69
194502,11.71,8.47,9.13,9.31,8.95,7.96,8.97,8.26,6.85,5.66
194503,-11.43,-8.39,-5.03,-4.33,-5.6,-5.38,-4.95,-3.71,-4.44,-3.42
194504,9.71,7.96,8.84,9.6,9.02,9.43,9.82,8.2,8.88,7.71
194505,6.22,3.75,4.19,2.4,2.04,3.03,3.21,1.58,1.2,1.88
194506,10.82,7.75,3.6,2.67,2.99,2.27,3.94,1.86,1.22,-0.64
194507,-3.49,-3.69,-3.66,-3.69,-4.48,-3.78,-2.7,-3.53,-3.32,-2.11
194508,4.66,6.54,7.29,6.24,7.8,6.54,7.2,6.52,8.28,5.47
194509,5.99,7.13,6.38,6.8,6.37,6.59,6.95,6.4,5.67,4.72
194510,13.05,10.27,4.85,7.01,5.36,5.55,5.15,5.23,5.09,4.2
194511,16,10.55,10.94,10.17,9.35,8.71,9.15,10.64,5.58,5.1
194512,2.75,3.97,3.22,4.73,0.87,2,3.61,1.11,1.76,0.28
194601,17.11,12.95,11.07,8.14,9.79,7.83,8.45,7.07,5.64,6.34
194602,-6.88,-6.49,-6.59,-6.64,-6.95,-7.43,-6.6,-5.6,-6.76,-5.41
194603,2.34,3.78,4.04,7.76,6.82,7.71,7.43,6.64,6.43,6.21
194604,9.49,6.81,6.01,7.17,4.09,4.82,4.67,3.88,2.91,4.07
194605,3.29,6.35,5.98,6.35,5.89,6.9,6.42,5.47,5.25,3.27
194606,-5.38,-4.74,-5.57,-5.07,-4.9,-5.08,-5.87,-5.21,-4.18,-3.39
194607,-4.99,-5.49,-5.62,-3.55,-4.23,-4.1,-4.06,-3.87,-2.93,-2.7
194608,-8.53,-8.61,-8.48,-8.03,-7.68,-7.93,-7.84,-5.95,-6.1,-5.75
194609,-17.44,-16.1,-14.58,-14.1,-13.82,-12.64,-13.26,-12.09,-10.66,-9.89
194610,-0.88,-1.69,-2.3,-1.29,-0.08,-2.03,-1.8,-0.86,-1.93,0.04
194611,-0.88,-1.24,-0.11,-0.79,-0.05,0.46,0.13,0.25,-1.08,-0.04
194612,0.97,4.88,3.97,5.84,5.08,5.66,5.88,4.93,5.9,5
194701,6.73,5.15,4.27,3.6,2.35,2.72,1.78,1.2,1.5,0.57
194702,0.59,-0.43,0.36,-0.43,-0.71,-0.75,-0.9,-1.31,-1.08,-1.38
194703,-4.48,-3.8,-4.57,-3.37,-2.62,-2.49,-2.87,-1.35,-2.75,-1.75
194704,-12.19,-9.18,-8.46,-8.47,-8.49,-7.96,-8.6,-7.25,-7.18,-4.37
194705,-6.73,-5.49,-4.52,-4.2,-3.81,-4.1,-3.07,-4.01,-2.5,-0.07
194706,8.09,4.88,6.02,5.75,3.93,5.83,5.87,6.25,6.12,4.99
194707,8,7.48,8.02,5.57,5.4,7.55,6.09,5.86,4.58,3.92
194708,-3.45,-1.82,-2.51,-0.97,-1.12,-1.09,-0.05,-2.59,-1.79,-1.98
194709,0.79,0.65,1.9,0.59,0.76,0.42,0.37,0.7,0.38,-0.85
194710,4.41,5.25,3.54,3.43,2.41,4,3.5,1.77,2.71,2.7
194711,-3.7,-3.15,-3.9,-3.62,-3.47,-2.25,-2.65,-2.96,-2.44,-1.81
194712,2.52,1.04,1.58,1.07,2,2.05,2.85,2.71,3.43,3.66
194801,3.28,-1.08,-1.59,-1.51,-1.45,-2.66,-1.68,-2.39,-3.65,-3.95
194802,-7.55,-7.07,-6.64,-6.58,-5.29,-6.87,-5.85,-4.95,-4.76,-4.13
194803,9.98,11.02,8.93,8.6,9.01,9.97,9.32,10.37,11,8.02
194804,5.91,3.37,4.06,2.66,2.17,3.4,5.77,4.04,3.53,3.19
194805,12.81,8.53,8.98,9.05,7.74,9.64,8.41,7.51,9.01,6.59
194806,-2.45,-0.8,-1.6,-1.47,-1.52,-2.32,-1.71,-1.55,-0.98,-0.16
194807,-6.14,-5.43,-5.65,-4.14,-5.67,-5.15,-5.38,-4.5,-6.04,-4.8
194808,-1.32,-1.81,-0.5,-0.56,-0.38,0.87,-0.03,0.76,0,0.9
194809,-5.89,-5.23,-3.93,-3.47,-4.83,-4.16,-4.47,-4.39,-3.24,-3.04
194810,5.68,4.74,5.74,4.19,4.87,4.97,5.83,5.74,5.09,6.37
194811,-10.81,-12.72,-11.55,-9.85,-10.73,-10.06,-12.07,-9.5,-10.23,-9.29
194812,-2.8,-0.5,0.17,0.22,1.16,2.21,2.29,3.06,3.45,3.62
194901,3.57,4.18,2.63,1.57,1.9,-0.09,1.71,1.59,0.83,0.65
194902,-5.93,-4.92,-5.16,-5.43,-4.66,-3.57,-3.62,-2.43,-2.13,-2.92
194903,7.7,6.67,6.78,6.32,6.57,6.28,6.21,4.05,4.89,3.97
194904,-2.59,-3.63,-2.93,-4.36,-2.38,-4.7,-3.97,-3.19,-2.49,-1.23
194905,-6.52,-7.24,-5.79,-3.91,-3.59,-4.65,-4.13,-1.93,-1.89,-3.17
194906,-1.53,-1.05,-1.59,-0.93,-1.26,-1.85,-1.01,-0.06,0.98,0.67
194907,8.03,5.06,5.92,7,6.58,6.59,6.61,6.09,5.08,5.44
194908,1.74,2.96,1.97,2.93,3.92,2.25,2.63,2.15,1.63,3.13
194909,6.09,3.7,4.4,5.05,4.32,4.34,4.39,4.44,3.79,2.73
194910,8.67,5.03,4.74,3.26,3.65,3.43,2.61,2.73,2.6,2.83
194911,-1.76,-0.75,0.32,0.78,0.95,1.27,2.39,1.73,2.63,1.92
194912,9.14,7.3,8.62,6.22,7.99,8.14,6.05,6.32,5.9,5.11
195001,6.18,6.86,4.6,4.42,5.27,3.94,2.68,2.29,2.39,1.43
195002,2.7,2.34,2.66,1.59,0.15,1.15,1.49,1.67,2.15,0.7
195003,-0.45,-0.31,-1.54,-0.19,-1.42,-0.11,-0.23,0.84,0.3,1.23
195004,6.72,6.3,5.42,5.6,5.73,5.09,3.42,3.43,3.58,3.03
195005,4.6,2.06,1.95,3.73,2.83,2.82,4.12,2.94,3.72,4.42
195006,-9.47,-9.47,-8.05,-7.6,-6.99,-7.26,-6.49,-7.58,-6.6,-5.78
195007,10.24,8.72,6.89,6.11,4.43,4.67,3.02,3.83,1.69,0.77
195008,5.24,5.36,5.01,4.71,6.19,5.05,5.06,4.09,4.9,4.52
195009,4.43,3.43,5.63,6.31,5.22,6.41,6.38,6.24,5.71,4.9
195010,0.36,-0.74,-0.61,0.92,-0.3,-0.7,-1.04,-1.26,-1.03,-0.17
195011,2.68,3.24,3.49,2.83,2.38,3.62,3.64,3.46,3.77,3.17
195012,16.52,11.03,9.93,8.98,6.09,7.95,7.3,6.46,5.63,5.09
195101,7.97,9.23,8.89,8.27,8.61,7.84,6.87,7.34,5.79,4.99
195102,0.18,0.34,1.04,1.5,1.1,1.43,1.2,2.09,2.28,1.02
195103,-6.51,-3.67,-4.5,-2.67,-2.74,-3.88,-3.23,-2.81,-2.29,-1.55
195104,3.16,4.01,4.04,4.13,4.33,3.7,4.32,4.35,3.94,4.51
195105,-3.51,-4.52,-2.41,-3.07,-1.76,-2.36,-1.54,-2.31,-1.17,-2.2
195106,-6.08,-5.7,-6.13,-4.63,-5.12,-6.02,-3.94,-3.47,-2.48,-1.95
195107,3.67,4.58,6.83,5.75,5.84,5.9,7.24,7.49,7.33,8.08
195108,6.45,5.7,4.71,4.9,5.71,4.45,3.79,3.73,3.65,4.07
195109,1.13,2.89,4.18,2.89,2.24,2.31,2.1,2.45,2.16,0.63
195110,-1.78,-2.85,-2.34,-3.21,-1.48,-2.72,-2.71,-2.09,-2.19,-2.7
195111,-1.01,-0.16,0.7,0.48,0.82,1.06,2.29,1.38,1.21,0.61
195112,-0.37,0.61,0.22,1.55,0.94,0.81,2.42,2.19,2.93,3.87
195201,1.63,1.54,1.83,1.9,1.63,1.4,1.51,1.8,1.8,2.27
195202,-2.63,-2.73,-1.7,-1.83,-1.5,-2,-1.57,-1.67,-2.36,-2.75
195203,0.37,2.58,2.74,2.43,2.35,3.04,3.01,4.01,3.66,4.47
195204,-4.64,-4.2,-4.82,-4.22,-4.22,-3.76,-4.24,-5.12,-4.37,-4.9
195205,0.72,1.42,2.14,2.54,2.51,2.26,2.94,2.75,3.32,3.15
195206,2.68,3.36,2.81,2.58,2.61,2.97,3.58,3.16,3.07,4
195207,0.07,1.7,1.14,0.89,0.93,1.39,0.68,1.5,1.08,1.1
195208,-0.33,0.33,0.7,0.32,0.71,-0.24,0.35,-0.2,-0.2,-1.03
195209,-0.74,-1.48,-1.54,-1.77,-0.45,-2.11,-1.68,-1.47,-1.68,-2.16
195210,-0.6,-1.52,-1.27,-2.01,-1.54,-0.66,-1.04,-0.78,-1.44,-0.57
195211,3.39,4.87,5.91,5.28,6.53,5.72,5.12,5.95,7.12,5.87
195212,0.16,1.51,2.99,2.86,1.12,2.58,3.25,2.22,2.6,3.48
195301,6.01,3.72,3.89,3.55,3.84,1.56,1.61,1.29,-0.08,-0.98
195302,2.96,3.39,0.88,1.56,2.01,0.45,0.8,0.67,-0.06,-0.36
195303,-0.41,-1.84,-1.5,-1.72,-1.66,-0.45,-0.56,-1.32,-0.21,-1.24
195304,-2.3,-1.88,-2.18,-1.66,-2.63,-2.05,-2.75,-2.22,-2.48,-3.24
195305,1.04,0.72,0.65,0.41,0.6,0.31,0.75,0.47,0.96,0.24
195306,-4.18,-4.44,-3.71,-3.7,-3.13,-3.17,-2.6,-3.22,-2.18,-1.76
195307,0.43,2.42,0.87,1.68,1.43,2.12,1.41,1.58,2.29,3.22
195308,-5.56,-6.26,-6.04,-5.17,-5.19,-5.44,-4.28,-4.95,-3.64,-4.73
195309,-4.57,-1.95,-2.08,-0.37,-1.15,-1.14,-0.68,-0.1,0.63,0.49
195310,2.26,1.84,3.26,3.25,4.47,4.5,4.16,4.61,4,4.98
195311,1.29,1.77,2.05,1.52,1.53,2.04,2.75,2.93,2.96,2.69
195312,-3.82,-3.16,-2.75,-1.71,-1.08,-1.32,-1.48,-0.03,0.33,-0.01
195401,10.31,8.24,7.98,6.78,7.01,7.32,6.39,6.2,5.8,5.3
195402,-0.04,0.26,1.49,1.64,1.79,1.77,1.55,2.19,1.63,1.21
195403,2.14,2.76,2.51,2.57,2.33,2.7,3.01,4.04,3.07,3.39
195404,1.62,0.52,0.23,1.07,1.19,1.83,1.04,2.11,2.56,4.16
195405,3.6,5.17,3.36,4.99,5.07,3.61,4.94,4.31,4.08,3.44
195406,1.88,1.04,0.94,1.59,1.04,1.88,0.83,2.13,1.07,0.24
195407,11.03,8.93,7.82,6.31,7.29,6.25,7.11,6.03,6.64,4.72
195408,0.89,0.15,0.61,0.34,-1.1,-1.21,-1.99,-1.6,-2.59,-2.85
195409,3.24,3.67,4.03,4.46,4.42,4.07,4.52,5.05,4.61,5.77
195410,-0.41,-0.48,-0.53,-1.25,-0.29,-0.19,-0.47,-0.51,-1.03,-1.72
195411,5.84,9.17,8.42,8.96,9.94,10.21,8.59,9.96,9.53,9.94
195412,14.95,11.38,10.22,9.46,9.44,8.63,6.06,6.15,6.84,5.25
195501,3.2,3.16,0.93,1.05,1.65,2.63,0.76,0.02,0.71,-0.04
195502,3.94,6.75,4.88,3.53,5.13,4.75,4.17,2.97,3.48,3.17
195503,0.09,0.17,-0.24,0.5,-0.21,0.7,-0.82,-0.9,1.56,0.02
195504,2.99,1.63,3.03,1.44,1.63,2.48,2.37,2.63,2.2,3.27
195505,0.93,0.18,0.2,0.19,0.59,0.54,0.73,1.25,1.01,1.47
195506,2.88,3.42,3.71,2.2,3.27,2.26,3.65,4.45,3.97,5.44
195507,2.32,0.92,1.89,0.21,0.06,0.24,1.09,-0.14,0.22,0.58
195508,-0.19,-0.25,0.56,-0.08,0.92,1.02,0.89,0.7,0.85,1.09
195509,0.32,1.16,-1.07,-0.94,-0.25,-1.23,-1.02,-1.74,-2.66,-0.55
195510,-2.31,-1.44,-1.21,-1.29,-0.91,-1.47,-1.68,-2.12,-2.06,-2.45
195511,2.31,3.62,4.73,6.02,5.72,6.34,5.92,6.79,6.44,7.12
195512,2.49,2.85,2.11,1.83,3.2,2.25,1.9,2,2.05,1.76
195601,-0.66,-0.29,-1.05,-2.15,-2.28,-2.95,-2.96,-3.11,-2.37,-2.6
195602,2.62,2.5,3.49,3.33,2.55,3.49,3.76,3.91,3.57,4.22
195603,2.58,5.77,4.25,4.34,3.75,5.9,5.03,5.54,6.15,7.68
195604,1.04,0.05,1.26,0.01,0.62,0.15,0.68,0.41,-0.68,0.67
195605,-4.02,-3.56,-5.04,-3.79,-4.03,-3.24,-4.3,-3.15,-3.43,-5.33
195606,0.08,0.76,1.77,1.36,1.83,3.29,2.38,2.52,3.51,3.62
195607,1.74,3.09,4.27,2.95,3.62,4.24,4.85,4.31,4.94,5.55
195608,-1.42,-1,-1.35,-1.15,-1.12,-1.67,-2.39,-2.95,-1.22,-3.6
195609,-3.66,-1.86,-2.62,-2.34,-3.45,-3.47,-3.74,-4.13,-4.83,-5.69
195610,0.33,0.52,0.91,0.27,0.78,0.68,1.47,0.35,1.38,0.67
195611,-0.54,0.03,0.18,0.96,0.76,0.98,0.72,0.55,1.19,0.81
195612,0.46,1.15,2.19,3.17,2.05,2.25,3.28,2.74,2.9,2.82
195701,4.67,1.84,2.04,0.84,-0.01,0.33,-0.86,-0.84,-1.46,-3.41
195702,-2.77,-1.81,-2.94,-2.39,-3.44,-2.28,-1.69,-1.85,-1.66,-1.94
195703,1.49,2.02,2,1.99,2.84,2.16,3,1.96,2.49,2.29
195704,3.48,2.16,1.74,1.99,1.41,2.17,2.33,3.33,2.9,4.23
195705,0.72,-0.03,2.49,1.76,2.1,2.75,2.34,1.98,3.54,3.74
195706,2.11,0.37,-0.51,-0.81,-1.36,-1.24,-0.99,-2.25,-2.25,-0.42
195707,0.95,0.58,0.86,0.75,0.2,0.62,0.54,0.11,0.22,0.68
195708,-4.69,-3.48,-4.65,-4.84,-5.19,-5.33,-5.51,-6.08,-4.88,-4.44
195709,-6.51,-3.72,-5.13,-5.24,-6.53,-5.28,-5.2,-5.24,-5.13,-5.23
195710,-9.95,-7.93,-7.15,-7.38,-7.43,-6.11,-5.29,-5.17,-4.36,-4.11
195711,-0.51,1.34,-0.39,0.78,2.69,3.13,2.8,3.13,3.96,3.74
195712,-4.98,-6.04,-5.4,-6.01,-5.89,-4.96,-3.93,-3.97,-3.21,-4.06
195801,15.48,14.25,13.08,12.11,11.6,10.25,9.46,9.5,6.25,4.99
195802,-1.68,-1.69,-1.02,0.23,-1.73,-0.57,-1.13,-1.13,-0.91,-1.66
195803,3.13,3.73,3.86,2.8,4.23,3.55,4.15,3.44,3.24,3.64
195804,5.48,2.99,3.74,3.03,2.3,1.55,2.61,3.44,3.58,2.35
195805,5.7,3.19,3.78,4.3,5.18,4.45,3.59,2.74,3.51,2.84
195806,4.58,3.1,4.04,2.6,3.59,2,3.27,2.98,3.24,2.94
195807,5.76,5.95,5.28,4.93,6.91,6.08,4.92,4.84,4.84,4.75
195808,4.53,3.23,3.09,3.17,3.96,3.46,2.73,2.94,1.64,1.55
195809,7.27,5.82,4.89,6.6,5.09,4.57,5.59,4.29,4.11,4.24
195810,2.31,3.19,3.84,4.63,2.55,3.63,3.01,3.53,3.31,2.6
195811,3.01,6.02,5.79,5.33,3.95,2.86,3.99,4.89,3.76,3.31
195812,3.18,3.6,3.33,4.5,3.04,3.37,4.42,3.83,4.42,5.15
195901,9.03,7.29,5.47,4.92,4.52,3.9,2.97,2.18,1.18,0.95
195902,3.13,3.27,3.17,2.68,3.19,3.87,2.89,2.52,1.74,1.85
195903,0.48,2.14,2.97,1.71,0.61,0.97,1.63,0.32,0.69,0.24
195904,1.71,2.43,1.57,3.55,2.64,3.46,3.27,2.89,2.14,2.83
195905,-0.44,2.74,-0.79,0.21,1.16,0.87,1.41,0.65,-0.16,2.13
195906,-1.5,1.3,-0.06,0.93,1.37,0.77,1.32,0.05,0.35,0.53
195907,3.97,2.22,3.12,3.61,2.11,4.1,2.59,2.44,3.41,2.91
195908,-1.81,-0.06,-1.41,-1.8,-1.94,-0.18,-1.75,-1.97,-1.85,-1.56
195909,-3.29,-4.87,-4.24,-4.08,-4.72,-4.05,-5.31,-4.6,-5.16,-4.75
195910,-0.3,2.25,1.91,2.86,2.53,2.69,1.36,3.93,2.47,1.56
195911,-0.43,0.62,0.99,3.41,1.81,0.94,1.93,2.78,1.44,1.97
195912,1.91,3.28,3.1,2.58,2.27,2.12,1.84,0.79,1.66,2.68
196001,0.77,-1.81,-2.91,-4.16,-3.58,-5.37,-4.93,-5.21,-4.65,-7
196002,-1.41,1.23,1.27,1.48,0.81,0.06,1.27,1.99,0.78,0.97
196003,-2,-3.61,-3.04,-3.12,-2.75,-2.77,-2.23,-2.28,-1.07,-1.35
196004,-3.58,-2.37,-2.1,-1.77,-2.72,-2.7,-1.66,-1.19,-0.37,-1.33
196005,-0.5,0.19,2.75,3.29,2.48,2.7,1.97,1.97,3.19,4.15
196006,2.26,1.31,2.04,1.99,1.93,2.73,2.5,2.56,2.51,2.24
196007,-0.79,-1.78,-2.41,-1.75,-1.91,-1.59,-2.65,-1.15,-2.12,-2.93
196008,5.89,5.56,2.53,4.31,3.38,4.15,3.22,3.11,3.33,2.69
196009,-6.56,-5.63,-6.11,-6.89,-6.2,-6.02,-6.07,-5.25,-5.93,-5.79
196010,-3.51,-2.74,-3.75,-2.28,-4.08,-2.2,-2.04,-1.48,-1.27,0.18
196011,1.79,1.19,4.85,3.74,6.3,5.78,5.21,6.64,6.49,4.99
196012,1.78,2.73,4.67,2.48,3.35,3.63,4.65,5.08,5,4.63
196101,10.25,8.68,8.85,8.86,8.42,9.28,8.51,8.02,5.98,5.07
196102,6.77,5.95,7.43,7.51,7.3,5.98,6.26,5.38,4.76,4.1
196103,7.11,7.17,7.26,4.8,4.87,5,4.9,4.35,2.44,1.83
196104,3.25,0.62,2.02,2.58,-0.66,0.35,0.84,-0.41,-0.04,-0.14
196105,5.37,4.41,4.3,3.99,5.82,4.69,3.15,4.14,3.43,3.77
196106,-4.62,-4.91,-4.85,-5,-5.36,-4.15,-3.29,-3.34,-3.13,-2.7
196107,-1.22,0.73,0.66,0.58,1.66,0.99,0.81,2.21,2.54,2.61
196108,1.48,0.73,0.79,1.65,0.35,1.55,2.69,4.5,4.05,3.06
196109,-3.32,-3.61,-3.51,-3.62,-3.64,-1.88,-2.66,-2.9,-2.43,-1.84
196110,1.73,2.31,1.5,1.32,1.12,2.55,2.44,2.71,3.18,2.34
196111,3.83,5.91,5.81,5.63,4.79,4.85,4.65,3.72,3.94,4.16
196112,-0.74,1.36,-0.77,0.13,0.21,-0.42,-1.07,-1.31,-0.76,-0.67
196201,4.6,1.43,1.16,-0.39,-0.7,-2.72,-1.71,-2.73,-1.59,-4.65
196202,2.37,1.43,1.28,1.29,0.73,1.68,2.12,1.22,1.41,1.74
196203,-0.55,0.74,-1.23,-0.57,-1.56,0.03,-1.42,-1.48,0.03,-0.44
196204,-6.95,-7.1,-6.98,-7.52,-7.22,-5.68,-6.66,-6.95,-6.81,-6.19
196205,-11.47,-9.6,-9.89,-9.96,-10.17,-10.97,-9.17,-9.6,-8.04,-8.92
196206,-8.73,-6.98,-9.41,-7.46,-8.73,-7.96,-9.12,-9.83,-7.31,-9.17
196207,7.89,7.32,7.63,7.02,6.45,5.06,6.08,5.62,6.02,5.38
196208,3.85,2.51,3.61,2.87,3.81,2.05,3.47,2.25,2.78,1.64
196209,-6.44,-7.35,-6.85,-7.23,-6.97,-5.94,-4.97,-5.22,-5.61,-4.53
196210,-4.55,-4.56,-2.65,-3.65,-3.01,-1.52,-1.63,-0.86,-0.64,0.79
196211,14.28,15.1,15.27,14.75,14.2,13.67,13.24,13.23,13.21,11.44
196212,-1.49,-2.98,-2.22,-2.51,-2.37,-0.72,-0.1,0.93,1.28,1
196301,11.7,11.33,9.9,8.32,8.44,6.5,6.63,6.07,5.31,5.12
196302,-0.31,-0.05,-1.57,-1.91,-1.1,-1.86,-2.04,-1.45,-1.71,-2.17
196303,2.25,1.14,1.98,1.63,1.76,1.34,1.62,2.76,3.14,3.17
196304,2.7,2.83,5.04,2.86,3.47,3.64,3.86,4.89,4.41,4.53
196305,5.86,4.19,3.69,3.21,3.55,3.71,2.55,1.94,2.72,1.56
196306,-2.48,-1.35,-1.37,-1.95,-1.58,-1.26,-2.11,-1.53,-1.12,-1.36
196307,-0.09,-0.42,-1.59,-0.86,-1.15,-2.05,-1.27,-1.52,-0.22,0.31
196308,2.6,3.48,4.83,5.04,6.23,4.57,5.58,5.74,5.94,6.18
196309,0.26,-1.74,-1.65,-1.87,-1.77,-1.53,-2.73,-1.86,-2.05,-1.79
196310,0.79,0.22,2.79,2.99,0.87,1.61,1.66,1.09,1.59,2.03
196311,-2.54,-2.01,-0.62,-1.75,-1.38,-1.73,-0.24,-0.3,0.01,-0.78
196312,-2.8,-1.1,0.03,0.46,1.81,0.61,1.76,1.27,1.84,2.29
196401,5.95,3.67,2.48,0.96,2.5,0.98,0.84,1.24,1.2,2
196402,2.87,2.41,2.69,3.27,2.22,2.19,2.89,2.91,1.93,1.91
196403,2.61,2.47,3.75,3.33,4.16,2.87,2.78,3.02,1.85,1.45
196404,1.21,-0.75,-0.42,-0.48,-1.1,-0.16,-0.2,-0.8,-0.33,0.78
196405,-0.27,0.14,1.33,2.26,0.99,0.94,1.88,2.07,0.85,1.57
196406,0.32,1.05,1.18,0.96,1.18,1.91,1.62,1.53,1.67,1.82
196407,3.86,2.45,3.66,1.86,1.83,3.05,1.91,2.02,3.45,1.81
196408,-0.09,-0.8,-0.61,-1.72,-0.71,-0.97,-0.54,0.05,-1.48,-1.3
196409,4.58,4.02,3.03,3.26,2.86,3.09,3.71,3.89,3.4,3.17
196410,2.75,2.04,1.24,1.36,1.6,2.59,1.03,1.75,0.74,0.74
196411,-0.29,0.06,0.6,-1.75,0.13,0.82,0.09,0.09,0.24,0.36
196412,-2.5,-2.28,-1.02,0.07,-0.23,-0.67,-0.14,-0.29,-0.26,-0.19
196501,10.1,6.57,6.41,6.58,5.58,5.91,4.99,5.79,4.56,4.39
196502,4.1,2.31,3.62,3.87,4.62,2.99,2.93,2.74,2.7,0.66
196503,3.08,2.57,0.98,-0.27,0.89,0.57,0.09,-0.07,-0.48,-1.5
196504,5.21,3.47,3.55,4.59,4.62,3.34,3.48,3.11,2.58,2.32
196505,0.13,-2.08,-1.3,-0.49,-0.95,-0.47,-0.92,-0.9,-0.51,-0.75
196506,-9.4,-9.25,-8.19,-8.99,-7.93,-7.93,-7.66,-7.25,-5.72,-4.14
196507,2.66,3.54,3.48,3.57,3.25,3.39,2.76,3.46,2.44,1.22
196508,3.52,4.45,4.23,5.12,7.47,4.91,4.29,4.28,3.4,3.11
196509,2.35,2.05,2.66,4.54,3.32,3.1,2.86,2.92,2.9,2.52
196510,7.92,6.38,5.68,5.57,5.8,4.62,3.44,3.75,3.54,1.86
196511,7.59,3.83,2.49,5.53,4.54,3.14,3.26,2.81,1.38,0.12
196512,6.09,4.21,4.71,4.81,2.67,3.54,3.06,1.57,1.83,1.27
196601,10.34,6.75,6.41,4.76,3.99,3.83,2.09,3.47,2.03,0.21
196602,6.09,3.47,3.26,1.75,2.1,1.43,0.34,-0.29,-1.6,-2.23
196603,1.29,-1.91,-3.12,-1.37,-2.75,-3.09,-2.96,-1.68,-0.57,-2.03
196604,6.37,4.86,6.83,3.65,3.44,3.36,3.06,2.48,2.21,1.6
196605,-11.64,-8.56,-8.61,-9.07,-7.83,-6.84,-6.38,-5.73,-4.8,-3.83
196606,-0.89,0.58,0.14,-0.22,-0.48,-0.6,-0.83,0.15,-0.76,-1.53
196607,-1.99,-1.81,-1.12,-2.15,-0.7,-1.08,-1.43,-1.86,-0.8,-1.34
196608,-11.56,-9.87,-11.22,-10.01,-9.36,-8.94,-8.97,-8.11,-8.04,-7.18
196609,-2.57,-1.6,-1.93,-1.66,-1.25,-1.81,-0.96,-1.6,-1.36,-0.47
196610,-5.38,-2.64,-0.65,-1.68,0.85,2.21,0.66,3.36,4.96,4.91
196611,3.58,5.69,3.78,5.04,6.12,3.69,6.52,3.18,2.12,2.96
196612,0.86,2.36,2.37,1.93,2.07,1.85,2.46,2.45,2.37,0.26
196701,23.23,17.3,19.56,18.41,13.94,14.77,11.77,9.93,8.8,7.61
196702,8.23,4.79,2.76,2.96,1.95,1.15,1.58,0.48,1.05,-0.03
196703,6.47,6.66,6.66,6.54,5.58,5.56,5.26,5.1,4.29,3.91
196704,4.8,4.14,3.46,3.53,4.02,3.95,3.84,4.64,2.73,3.75
196705,0.96,-0.13,-1.51,-1.22,-2.18,-0.82,-0.77,-2.25,-3.8,-4.28
196706,13.32,9.91,6.87,8.23,5.1,4.72,4.08,3.54,2.08,1.23
196707,11.13,8.95,8.78,7.52,6.72,5.94,5.27,6,5.17,5.12
196708,2.21,-0.05,0.62,-0.97,0.17,0.02,0.5,-0.61,-0.25,-0.7
196709,9.92,7.44,5.69,4.93,3.28,4.09,4.5,1.33,2.42,2.09
196710,0.25,-2.45,-3.24,-1.73,-3.69,-2.88,-4.07,-4.96,-5.05,-3.76
196711,-1.58,1.18,0.66,1.08,1.34,0.57,1.86,0.85,0.76,0.73
196712,11.44,9.67,9.39,8.64,7.09,6.22,3.81,2.79,3.01,3.16
196801,8.89,1.52,1.06,-0.66,-0.49,-2.65,-2.43,-3.39,-2.3,-5.52
196802,-7.13,-5.67,-5.44,-6.09,-3.94,-4.41,-4.67,-4.32,-3.26,-2.44
196803,-1.97,-0.95,-1.55,-1.33,-1.15,0.66,0.45,-0.35,-0.29,1
196804,17.1,16.52,14.8,14.36,12.71,12.7,10.46,10.44,9.44,8.39
196805,15.78,8.59,9.04,6.99,5.73,6.31,5.22,3.85,2.41,1.28
196806,2.31,0.04,0.22,0.87,2.31,0.18,2.55,2.07,2.44,1.74
196807,-1.53,-3.63,-1.71,-5.08,-2.71,-4.89,-5.45,-2.58,-2.31,-2.79
196808,4.87,4.33,3.85,2.82,3.91,2.64,1.22,2.73,1.43,1.43
196809,8.01,6.68,6.97,7.03,7.19,4.98,7.1,6.99,5.41,3.56
196810,0.39,0.23,1.2,0.05,1.75,1.3,1.21,0.7,1.55,0.91
196811,6.53,7.18,8.32,8.66,8.28,8.12,8.14,7.11,6.6,6.04
196812,4.21,1.51,-0.95,-1.12,-1.56,-2.45,-2.86,-3.38,-2.67,-3.1
196901,0.35,-0.61,-0.59,-0.47,-0.91,-1.93,-2.07,0.49,0.05,-0.88
196902,-10.57,-9.31,-8.2,-8.35,-7.9,-7.56,-7.59,-6.95,-5.62,-4.87
196903,2.08,2.35,1.8,1.65,1.83,1.45,1.39,2.17,0.94,3.19
196904,-0.69,0.44,0.77,0.79,0.84,0.65,1.49,0.61,2.04,1.91
196905,1.75,0.36,-0.45,-1.78,0.07,-0.41,0.04,-0.32,-0.93,0.56
196906,-13.58,-13.19,-11.37,-11.13,-11.22,-10.41,-9.51,-7.53,-6.62,-6.71
196907,-11.62,-11.31,-9.75,-8.85,-8.48,-8.26,-7.25,-6.9,-6.27,-5.79
196908,4.07,5.73,6.24,5.12,8.3,6.67,5.26,6.43,4.08,5.56
196909,-3.75,-3.5,-1.14,-0.13,-1.04,-1.14,-1.61,-2.11,-1.1,-3.03
196910,11.81,9.8,9.08,9.18,7.36,7.58,7.84,6.89,6.99,5.42
196911,-7.31,-6.69,-4.87,-4.24,-5.46,-4.54,-4.07,-3.8,-3.46,-3.32
196912,-10.71,-7.31,-7.84,-5.47,-3.7,-4.18,-1.96,-2.14,-2.69,-1.56
197001,0.24,-5.21,-5.34,-4.45,-6.91,-6.85,-7.02,-8.37,-6.1,-8.63
197002,2.78,3.82,3.91,3.68,3.87,4.87,4.38,6.81,7.86,7.02
197003,-3.63,-3.2,-2.3,-2.98,-1.49,-0.78,-0.18,-0.67,-0.26,-1.01
197004,-19.08,-17.02,-17.39,-17.04,-15.04,-14.78,-13.36,-11.78,-10.84,-9.29
197005,-8.84,-9.51,-9.05,-11.13,-10.41,-10.08,-9.75,-8.92,-6.9,-6.03
197006,-8.38,-9.62,-8.38,-9.5,-6.33,-7.37,-6.13,-4.58,-5.33,-5.03
197007,3.41,5.85,7.25,7.26,8.52,6.77,8.39,8.69,7.33,7.28
197008,6.03,6.7,8.19,6.81,5.92,7.43,5.57,6.26,5.69,3.73
197009,17.81,14.29,14.96,12.23,9.17,10.21,7.58,6.74,4.37,3.01
197010,-8.72,-6.48,-6.32,-4.1,-4.77,-4.14,-3.93,-3.36,-2.1,-1.49
197011,-4.61,-0.57,1.64,2.88,3.41,3.97,4.66,5.23,6.35,4.79
197012,8.25,9.59,8.05,9.14,8.58,8.63,9.07,8.31,6.79,6.23
197101,21.1,13.3,13.72,10.41,10,7.78,7.35,7.58,5.26,4.07
197102,8.24,5.01,2.14,3.94,2.75,2.69,1.8,2.53,1,1.39
197103,6.12,5.67,5.15,5.24,7.13,5.56,4.83,5.01,3.3,4.15
197104,1.51,2.72,3.12,3.28,4.3,4.16,3.75,3.44,2.92,3.13
197105,-6.59,-5.04,-5.66,-4.5,-4.43,-3.74,-2.56,-4.09,-2.73,-3.44
197106,-3.56,-1.81,-2.76,0.28,-1.35,-1.63,-0.08,0.61,0.56,0.76
197107,-6.76,-6.5,-5.54,-5.37,-3.68,-5.75,-4.13,-4.73,-3.69,-3.92
197108,2.79,5.28,5.66,5.01,4.08,6.67,5.93,4.9,3.94,4.32
197109,-0.46,-0.12,-1.4,-0.59,-0.65,-0.22,-0.84,-0.38,-0.92,-1.11
197110,-6.85,-6.11,-5.53,-4.56,-5.93,-6.62,-4.45,-3.96,-5.58,-3.83
197111,-5.59,-3.73,-3.76,-1.32,-1.93,-2.15,-1.35,-1.49,-1.02,0.5
197112,12.44,12.7,14.45,12.32,10.82,12.46,11.51,10.12,10.15,8.37
197201,18.17,11.69,8.34,7.46,5.82,4.99,3.92,2.66,1.99,1.47
197202,5.61,3.32,3.81,4.06,2.28,3.96,3.48,1.97,3.31,3.31
197203,-0.87,-0.67,0.34,0.23,0.78,1.37,0.81,1.15,-0.27,0.23
197204,-0.11,-0.65,1.3,0.14,0.44,-0.38,0.7,-0.6,1.04,0.74
197205,-3.41,-2.19,-3.75,-1.25,-1.71,-0.9,0.77,-0.76,0.34,1.84
197206,-4.01,-3.31,-2.7,-2.55,-3.55,-2.94,-2.83,-3.81,-3.57,-2
197207,-3.37,-4.98,-3.53,-4.12,-2.17,-2.5,-2.87,-2.56,-2.01,-0.31
197208,-0.48,-0.18,0.43,1.3,2.67,2.52,2.41,3.92,4.84,4.49
197209,-4.11,-4.14,-3.58,-2.82,-1.6,-2.35,-3.44,-1.39,-2.04,-1.02
197210,-3.21,-2.25,-1.1,-0.3,-0.87,-0.47,-0.96,0.27,0.81,2.46
197211,3.39,5.44,6,6.29,5.98,5.49,7.68,7.79,6.9,5.04
197212,-3.83,-2.06,-2.73,-1.65,-0.21,-0.48,-1.12,-0.92,-1.32,1.35
197301,-1.07,-5.45,-5.33,-7.02,-6.5,-6.5,-6.26,-5.65,-7.26,-2.76
197302,-7.76,-9.06,-8.45,-8.31,-8.2,-7.85,-6.3,-6.19,-4.43,-3.8
197303,-2.84,-3.19,-3.17,-2.94,-3.61,-3.27,-2.82,-2.73,-1.56,-0.23
197304,-7.35,-8.29,-7.44,-8.86,-6.96,-7.51,-8.1,-6.44,-5.77,-4.66
197305,-10.47,-9.58,-9.92,-8.57,-7.48,-7.34,-6.66,-5.52,-3.68,-1.42
197306,-3.35,-4.05,-3.24,-4.08,-4.18,-2.51,-3.99,-2.96,-3.63,-1.05
197307,11.23,12.85,13.31,11.9,9.87,9.27,9.57,9.74,7.31,5.79
197308,-5.33,-4.8,-4.89,-4.39,-3.16,-3.28,-1.56,-2.47,-1.56,-2.4
197309,5.66,9.46,9.59,9.6,9.85,9.96,10.73,10.02,9.19,5.9
197310,-0.07,-1.03,-0.75,-0.36,-0.91,0.7,-0.41,-0.65,-1.94,0
197311,-18.54,-18.23,-17.77,-17.69,-16.05,-16.93,-16.92,-15.44,-12.49,-11.4
197312,-6.62,-3.26,-2.82,-1.57,-1.26,-0.08,0.49,2.79,1.09,1.89
197401,17.37,13.01,12.39,9.57,7.57,8.11,4.73,4.02,2.7,-0.67
197402,1.05,-0.3,0.9,1.04,0.17,-0.57,-0.31,0.94,0.25,1.06
197403,2.65,0.11,-0.47,0.04,-1.21,-0.91,-2.32,-2.5,-2.97,-2.74
197404,-4.7,-5.84,-6.52,-5.45,-5.87,-6.63,-7.01,-6.55,-6.39,-4.57
197405,-6.67,-7.62,-8.16,-7.56,-8.24,-8.49,-7.84,-6.19,-5.94,-3.02
197406,-2.7,-3.31,-3,-2.94,-3.61,-4.55,-3.67,-3.78,-3.69,-2.78
197407,-5.45,-5.72,-4.97,-4.69,-4.28,-3.15,-5.22,-4.66,-5.94,-7.96
197408,-7.55,-8.35,-8.48,-7.9,-8.63,-8.39,-9.61,-9.71,-10.06,-10.14
197409,-7.39,-8.21,-8.43,-7.87,-8.51,-8.14,-8.66,-8.26,-7.86,-11.6
197410,5.73,10.61,10.56,9.99,10.16,12.68,15.84,15.06,19.01,20.97
197411,-5.73,-5.2,-4.19,-4.52,-4.06,-4.53,-3.11,-1.97,-2.68,-3.22
197412,-9.83,-7.1,-7.22,-5.63,-5.48,-4.15,-5.7,-3.74,-1.93,-2.81
197501,32.03,32.39,29.88,26.41,27.54,23.02,24.8,21.16,17.59,12.86
197502,6.57,4.54,5.9,3.62,4.26,4.79,4.21,4.85,5.37,6.13
197503,9.9,8.91,6.87,6.39,6.58,5.55,6.47,5.36,3.21,4.14
197504,2.88,3.5,2.79,3.35,4.54,4.53,4.6,4.64,4.71,5.31
197505,8.11,7.88,7.31,7.38,5.95,5.62,7.51,5.93,5.2,6.1
197506,7.79,7.07,7.73,6.71,6.56,5.73,6.36,7.45,7.46,5.24
197507,2.18,-2.25,-3.65,-2.85,-3.84,-4.37,-4.57,-6.82,-5.82,-7.03
197508,-5.24,-5.92,-5.46,-4.42,-3.7,-3.92,-3.72,-3.34,-2.14,-1.77
197509,-3.51,-3.63,-3.36,-4.09,-3.7,-4.21,-4.06,-4.1,-3.28,-4.68
197510,-0.09,2.24,2.55,2.73,1.82,3.8,5.41,6.06,5.69,6.2
197511,1.3,1.84,2.82,2.06,1.75,3.58,3.59,4.29,2.65,3.23
197512,-0.43,0.04,-1.27,-0.82,0.08,0.37,0.06,-1.02,-0.09,-1.59
197601,20.37,19.72,19.25,18.02,17.26,16.77,15.61,14.37,13.27,11.47
197602,16.07,9.71,8.67,8.37,6.1,6.06,4.07,2.64,1.35,-1.85
197603,2.86,1.49,0.63,1.67,1.49,1.16,1.97,1.61,0.89,2.68
197604,-0.1,-1.23,-0.99,-1.33,-0.17,-0.93,-1.23,-1.33,-0.84,-1.13
197605,-2.44,-1.9,-1.35,-1.91,-0.53,-1.55,-1.09,-1.84,-0.48,-0.68
197606,1.73,2.85,2.75,3.7,4.9,5.8,4.67,5.65,5.33,5.37
197607,0.43,0.4,0.39,0.62,0.2,-0.45,-0.25,-0.19,-0.7,-0.66
197608,-1.76,-1.06,-2.76,-1.64,-1.6,-1.93,-0.63,-0.88,-0.14,-0.22
197609,0.7,2.47,2.53,3.43,2.62,2.42,1.94,2.22,2.29,2.34
197610,-2.11,-1.82,-2.24,-1.99,-1.66,-2.07,-2.54,-1.39,-2.81,-2.54
197611,1.81,4.22,4.28,3.57,3.83,4.27,3.27,3.03,2.3,-0.76
197612,10.98,9.52,10.71,9.7,9.77,7.62,8.22,7.39,7.1,5.42
197701,6.9,3.24,2,1.14,0.25,-0.75,-2.11,-2.88,-4.36,-5.89
197702,1.67,-0.43,-1.19,-0.32,-1.24,-2.52,-1.59,-2.38,-2.3,-1.65
197703,1.7,0.8,-0.14,0.44,0.66,0.68,0.06,0.12,-0.03,-1.47
197704,2.08,1.42,1.99,1.52,1.23,1.93,1.43,1.53,1.99,-0.29
197705,1.04,-0.05,-0.41,-0.1,0.2,-0.49,-0.84,-0.89,-0.22,-1.84
197706,4.92,6.07,5.84,6.85,6.79,5.68,5.07,5.65,4.2,5.32
197707,2.6,0.69,0.14,-0.36,-0.31,-0.7,-1.3,-1.92,-2.19,-1.37
197708,0.25,-0.88,-0.29,-0.99,-0.56,-0.18,-1.93,-1.71,-2.44,-1.36
197709,2.06,1.03,0.7,0.39,1.91,0.47,-0.06,0.92,-0.19,-0.67
197710,-1.79,-2.51,-2.27,-2.47,-2.36,-3.15,-2.64,-4.11,-3.75,-4.67
197711,7.13,8.52,8.44,7.71,6.91,7.17,6.78,6.7,4.39,4.26
197712,2.69,2.81,1.83,1.41,1.51,0.97,1.23,0.12,0.66,0.01
197801,0.93,-1.69,-2.57,-3.61,-3.96,-4.24,-5.38,-5.29,-5.35,-6.49
197802,3.96,2.96,1.2,1.41,1.98,0.57,0.69,-1.49,-1.91,-1.8
197803,7.66,6.97,6.71,6.34,5.03,5.62,5.27,4.72,4.61,2.86
197804,8.37,8.21,7.7,7.64,7.1,7.57,7.06,7.17,7.73,9.39
197805,8.93,5.54,6,5.16,4.99,4.5,3.76,3.29,2.78,2.11
197806,1.92,0.73,-0.47,0.3,0.09,-0.11,0.05,-0.89,-1.16,-1.47
197807,4.57,5.78,5.94,7,5.2,4.88,6.09,6.93,5.13,6
197808,12.01,7.08,8.01,8.43,6.95,7.15,5.37,4.95,3.72,2.66
197809,1.85,-0.8,-1.04,-1.02,-0.7,-1.46,-1.8,-0.57,-0.66,-1.32
197810,-19.23,-20.63,-19.59,-18.45,-17.7,-16.02,-14.61,-12.81,-11.76,-8.74
197811,3.15,6.96,7.13,6.43,6.1,4.18,3.86,3.18,3.3,2.83
197812,1.12,1.77,1.54,2.7,2.35,1.86,1.14,1.24,0.42,1.35
197901,10.61,9.89,9.41,8.18,7.41,8.2,6.04,6.5,5.45,4.23
197902,-1.06,-2.67,-2.12,-2.94,-1.98,-3.21,-2.98,-3.86,-2.67,-3.54
197903,7.77,8.62,9.75,8.84,9.83,9.34,7.62,8.48,7.29,5.06
197904,3.68,2.61,1.14,3.21,2.08,1.27,2.14,0.93,-0.29,-0.03
197905,0.19,-1.39,-1.2,-1.28,-1.62,-1.85,-1.04,-0.73,0.18,-1.74
197906,5.21,5.41,6.58,5.94,5.79,4.51,5.64,6.57,6.02,4.82
197907,1.71,3.05,2.8,3.32,3.05,4.05,3.35,2.06,2.73,1.34
197908,7.55,7.9,7.86,7.74,8.08,6.58,7.61,7.07,6.22,6.27
197909,-0.14,-0.22,-1.03,-0.06,0.42,-1.39,0.47,-1.33,-0.08,0.32
197910,-9.5,-11.08,-11.57,-10.41,-9.69,-8.97,-8.85,-8.5,-8.11,-6.6
197911,5.35,8.25,8.55,7.97,8.98,7.38,8.01,7.08,6.59,5.95
197912,8.19,6.32,5.95,5.9,5.04,3.51,4.19,2.78,3.61,2.37
198001,13.18,8.19,7.26,6.29,6.75,6.09,5.61,5.13,5.39,4.83
198002,0.5,-1.9,-1.68,-3.39,-2.99,-3.63,-3.1,-3.05,-3.35,-1.71
198003,-17.52,-17.42,-17.19,-15.69,-16.19,-13.89,-12.84,-11.44,-9.09,-7.48
198004,4,7.12,6.28,6,6.57,8.03,5.94,7.48,5.68,4.58
198005,6.44,7.71,8.23,9.59,8.68,8.13,9.38,8.03,6.23,6.47
198006,4.2,4.59,4.3,4.87,5.29,4.1,4.05,4.8,3.81,2.47
198007,9.03,10.67,10.6,11.03,9.18,9.16,9.1,6.86,8.33,6.91
198008,8.32,7.14,6.2,5.58,4.08,4.48,3.75,1.53,2.37,1.21
198009,6.54,3.76,3.31,2.82,3.34,3.08,2.94,2.85,3.39,2.75
198010,6.24,3.41,3.35,2.95,2.86,1.42,0.53,0.65,1.54,0.37
198011,6.27,6.68,7.18,7.61,5.01,6.9,8.65,6.29,8.11,10.08
198012,-3.94,-3.89,-3.36,-1.71,-1.5,-2.65,-1.93,-1.17,-1.19,-0.31
198101,2.2,0.22,-0.03,-0.56,-0.42,-0.68,-1.54,-1.9,-2.8,-4.58
198102,-0.14,-0.14,0.93,2.4,1.91,2.02,1.73,2.67,1.38,1.99
198103,7.16,7.48,7.95,7.55,7.26,8.66,8.57,8.15,7.55,4.32
198104,4.05,3.61,2.13,3.28,2.22,2.17,0.34,-0.11,-0.52,-1.67
198105,3.25,2.53,2.58,2.68,2.08,2.66,2.19,1.72,1.51,0.8
198106,0.05,-0.88,-1.46,-1.97,-0.77,-1.12,-1.01,-0.48,-1.49,-0.14
198107,-2.1,-3.15,-1.99,-2.16,-1.46,-2.07,-1.74,-0.74,-1.04,0.23
198108,-7.97,-8.28,-7.64,-7.29,-5.9,-6.88,-5.64,-4.9,-5.87,-5.42
198109,-10.29,-8.78,-8.3,-6.64,-7.17,-5.29,-6.25,-6.58,-5.38,-5.61
198110,6.49,8.84,8.29,8.48,7.57,7.37,6.19,6.39,7.47,6.86
198111,0.31,3.24,3.76,3.97,3.67,2.17,4.9,5.15,4.01,4.66
198112,-2.08,-1.65,-1.56,-1.98,-1.54,-2.17,-1.89,-2.89,-2.33,-3.52
198201,-0.52,-2.33,-2.68,-4.13,-4.53,-3.39,-4.5,-3.36,-3.11,-1.93
198202,-4.44,-5.13,-5.15,-4.71,-5.02,-3.61,-4.56,-3.55,-4.87,-5.58
198203,-1.03,-1.33,-1.04,-1.52,-0.61,-0.6,-0.87,-1.44,-1.22,-1.4
198204,5.35,5.88,5.33,6.27,5.59,5.18,4.48,5.54,4.89,4.5
198205,-1.74,-2.21,-2.51,-3.94,-3.04,-2.75,-4.2,-4.14,-4.68,-4.06
198206,-3.39,-4.23,-3.63,-2.47,-4.19,-2.69,-2.64,-2.47,-3.65,-1.67
198207,-1.48,-2.06,-1.95,-0.19,-1.49,-1.92,-2.14,-3.4,-3.38,-1.93
198208,3.62,7.04,7.62,8.65,11.06,11.31,11.8,13.1,12.33,13.54
198209,2.96,4.1,4.23,3.98,4.49,3.33,2.42,3.42,1.58,0.58
198210,12.28,15.31,14.66,13.17,13.49,14.16,15.24,13.23,11.84,12.51
198211,11.26,7.49,7.82,8.43,8.33,7.4,7.19,5.31,4.6,3.67
198212,3.08,1.68,1.07,0.53,0.56,0.66,0.85,2.44,1.53,0.82
198301,15.33,8.59,6.14,7.13,5.4,4.53,3.31,3.54,3.09,3.08
198302,6.26,4.86,5.49,4.9,5.12,4.43,4.25,2.48,2.72,3.46
198303,6.18,4.03,4.31,3.47,4.98,4.09,3.59,3.07,3.83,3.94
198304,8.66,7.94,7.77,8.69,6.56,6.12,6.34,6.1,6.28,6.63
198305,12.25,9.11,7.04,5.46,4.53,4.64,4.65,3.9,3.16,-0.27
198306,5.76,3.24,4.38,4.33,4.52,2.86,4.13,2.68,3.2,2.96
198307,-1.24,-1.98,-2.05,-3.78,-2.44,-3.31,-3.5,-3.11,-3.37,-4.07
198308,-3.46,-2.71,-3.62,-2.84,-3.34,-2.28,-0.9,0.42,-0.25,1.61
198309,-1.3,0.56,2.59,2.38,2.34,3.83,3.47,2.03,2.21,1.46
198310,-6.08,-6.51,-6.26,-7.05,-6.05,-4.71,-4.35,-3.73,-2.74,-1.25
198311,1.57,4.17,4.13,6.49,4.99,5.35,4.6,5.53,2.81,2.67
198312,-2.64,-1.89,-1.07,-2.12,-1.9,-1.71,-1.89,-2.17,-1.28,-0.4
198401,2.22,-0.91,-1.62,-1.61,-2.96,-4.23,-3.3,-3.75,-1.38,-0.88
198402,-5.65,-5.88,-5.51,-5.16,-5.72,-6.19,-5.85,-4.6,-5.02,-3.91
198403,0.49,0.68,0.47,0.42,1.15,0.81,1.8,1.39,2.25,1.59
198404,-3.05,-1.43,-0.74,-0.28,-0.47,-0.28,-0.86,-2.61,-0.99,1.42
198405,-4.68,-5.06,-5.23,-5.88,-5.8,-5.23,-4.69,-5.41,-5.29,-5.4
198406,0.29,2.51,2.38,3.01,3.87,2.91,3.09,3.13,2.64,3.02
198407,-5.59,-4.06,-4.8,-3.57,-3.61,-2.86,-3.98,-3.13,-1.55,-1.05
198408,6.73,10.77,12.9,11.67,13.3,12.82,11.78,12.96,11.55,11.22
198409,-0.09,-0.37,-0.59,-0.46,0.37,0.15,-0.05,1.07,0.71,-0.92
198410,-3.23,-1.87,-1.31,-0.72,-0.18,-1.33,-1.17,0.98,1.07,0.86
198411,-4.53,-2.18,-2.65,-1.82,-0.63,-0.6,-1.3,-0.73,-0.01,-1.07
198412,-0.48,1.45,2.26,2.03,2.87,2.57,2.39,2.91,3.21,2.51
198501,13.09,13.19,14.03,11.91,11.09,11.15,11.35,9.37,7.32,7.66
198502,6.66,2.72,2.36,2.82,1.41,0.61,1.42,1.88,1.99,1.9
198503,-0.84,-1.54,-2.38,-1.91,-1.02,-1.51,-0.17,-0.34,1.08,0.9
198504,-1.64,-0.62,-1.76,-0.58,-0.21,-0.67,-1.42,-0.56,-0.38,-0.58
198505,1.03,2.23,3.91,3.57,4.42,4.32,4.91,6.02,6.96,7.21
198506,0.33,1.04,1.25,2.68,1.71,2.15,1.41,2.03,2.23,2.08
198507,2.07,2.83,3.02,2.69,1.74,1.68,0.46,-0.42,-1.62,-0.7
198508,-0.35,-0.52,-0.68,-0.17,-0.95,-0.72,-0.2,-0.45,-0.38,-0.01
198509,-6.23,-5.24,-5.8,-5.77,-5.35,-4.46,-5.44,-4.97,-4.55,-3.05
198510,-0.02,3.45,4.26,4.26,4.3,3.81,4.81,5.69,6.72,4.54
198511,4.01,6.95,7.61,7.94,7.82,6.61,7.97,6.45,7.21,7.26
198512,1.9,4.53,5.14,3.82,4.7,3.89,3.96,4.24,4.07,4.63
198601,6.33,2.48,0.74,1.23,1.99,2.21,1.33,1.59,2.64,0.95
198602,5.36,6.59,7.77,6.97,7.8,6.69,7.31,7.84,8.83,8.54
198603,4.47,5.79,4.46,5.09,4.34,6.57,6.39,4.12,4.64,6.02
198604,2.2,1.43,0.81,1.51,1.72,0.71,-0.99,-0.66,-2.38,-1.72
198605,3.25,3.98,3,4.4,4.37,5.08,5.04,5,5.58,5.78
198606,1.12,0.05,0.2,1.06,-0.2,0.79,0.62,0.99,1.28,1.81
198607,-7.37,-8.53,-9.53,-8.19,-9.23,-7.32,-6.4,-6.72,-5.3,-4.53
198608,-0.16,1.39,3.16,4.45,4.11,6.75,6.99,7.81,7.25,7.05
198609,-5.9,-6.92,-6.38,-6.77,-6.46,-6.39,-6.6,-7.52,-8.21,-9.74
198610,1.21,2.56,4.16,4.17,3.49,3.22,5.34,6.21,6.48,7.09
198611,-1.53,-0.53,-0.27,-0.53,0.11,-0.3,0.77,0.88,1.47,1.75
198612,-4.42,-3.51,-2.63,-2.52,-2.38,-2.25,-2.89,-3.54,-3.54,-2.58
198701,11.85,11.34,11.85,11.68,11.42,11.78,13.18,12.74,12.47,13.5
198702,7.96,8.33,7.1,8.26,7.16,6.7,5.9,5.88,4.89,4.41
198703,4.62,1.57,2.31,1.23,1.69,1,1.15,0.89,1.05,1.43
198704,-1.1,-2.62,-2.46,-4.05,-3.83,-2.78,-1.78,-3.66,-2.71,-2.2
198705,0.68,-0.93,-0.09,-1.12,0.14,-0.05,0.61,0.57,0.08,1.01
198706,1.95,1.11,2.49,3.43,3.34,4.2,3.9,4.29,5.49,5.43
198707,3.04,2.45,2.93,3.5,3.97,4.64,4.48,5.13,4.76,4.68
198708,0.34,2.39,3.9,3.6,4.47,2.48,4.18,3.32,3.45,4.01
198709,-1.19,-2.65,-2.32,-2.06,-2.23,-2.37,-1.15,-2.18,-2.6,-1.52
198710,-27.69,-30.3,-28.82,-29.41,-28.15,-25.93,-25.9,-23.97,-22.2,-20.33
198711,-5.4,-6.05,-4.94,-5.61,-4.49,-4.15,-4.52,-6.09,-6.78,-8.83
198712,-0.64,6.35,7.21,8.87,9.24,8.82,9.33,8.06,8.68,7.69
198801,10,6.23,5.89,4.51,4.4,5.56,3.76,4.98,6.32,5.51
198802,5.5,7.25,7.29,10.09,8.96,8.12,8.02,8.5,5.62,4.41
198803,4.48,4.78,3.59,3.59,2.23,1.11,0.74,0.64,-1.83,-3.79
198804,1.24,2.15,2.1,2.4,0.91,0.68,-0.01,0.33,0.57,0.03
198805,-1.7,-2.56,-3.21,-2.89,-1.75,0.19,-0.68,0.16,-0.15,1.24
198806,3.93,5.3,7.59,7.06,6.71,6.38,7.95,6.8,5.88,4.77
198807,0.72,-0.44,-0.33,-0.99,-1.34,-2.25,-2.02,-1.68,-1.73,-0.25
198808,-2.1,-2.45,-2.14,-3.38,-3.07,-2.01,-1.68,-1.82,-2.81,-2.41
198809,1.25,2.28,3.28,2.5,2.85,2.38,3.86,2.85,4.95,4.81
198810,-2.13,-1.66,-0.54,-1.19,0.04,-0.05,0.33,0.28,1.39,2.99
198811,-4.94,-3.79,-3.38,-2.57,-2.28,-2.56,-1.76,-2.45,-2.73,-1.5
198812,1.3,2.53,4.91,3.5,3.97,3.64,2.14,2.52,2.02,2.03
198901,7.2,4.82,4.99,4.04,4.04,6.14,6.12,5.78,7.25,6.75
198902,0.35,0.49,1.35,1.43,0.38,0.38,-0.05,0.05,-1.43,-2.53
198903,1.32,2.79,2.1,1.73,3.16,0.56,0.87,1.3,2.17,3
198904,2.65,2.13,3.72,4.61,5.27,4.88,5.72,4.95,4.56,5.45
198905,2.23,2.73,3.27,3.67,4.32,4.73,4.03,4.27,4.5,4.48
198906,-1.1,-1.85,-2.19,-2.17,-1.06,-1.1,-0.77,0.04,0.1,-0.71
198907,1.58,3.03,4.74,4.22,4.75,4.77,6.58,7.76,7.89,9.44
198908,1.43,1.81,3.44,3.29,3.08,3.43,4.11,3.2,3.44,1.32
198909,0.57,0.37,-0.01,0.75,0.14,-0.71,-1.2,-1.69,-0.38,0.27
198910,-5,-6.11,-5.76,-6.84,-5.53,-5.19,-4.59,-4.84,-4.38,-1.64
198911,-2.39,-0.07,0.65,-0.01,0.94,1.64,0.42,1.99,1.1,1.89
198912,-2.95,-1.21,0.43,-0.06,-0.61,0.86,1.78,2.2,1.85,1.86
199001,-2.84,-7.85,-8.62,-8.9,-9.76,-7.47,-7.78,-8.84,-7.17,-7.15
199002,1.52,2.01,3.97,2.13,3.58,2.8,1.82,2.3,1.71,1.07
199003,2.16,2.19,4.61,3.3,3.59,2.05,3.62,1.66,1.16,2.48
199004,-1.68,-3.86,-2.97,-5.06,-3.35,-4.19,-5,-4.68,-4.18,-2.52
199005,2.68,4.92,6.67,5.73,6.38,8.35,9.18,9.05,9.29,9.69
199006,1.16,-0.89,-0.67,0.08,1.15,-0.67,-1.39,-0.77,-1.8,-0.57
199007,-2.74,-4.7,-4.04,-4.15,-3.8,-3.85,-1.62,-2.48,-2.12,-0.67
199008,-10.94,-13.98,-13.37,-12.75,-12.68,-11.86,-10.19,-10.36,-9.72,-8.9
199009,-7.55,-9.92,-9.43,-10.13,-10.3,-8.2,-6.44,-8.42,-6.79,-5.26
199010,-7.01,-6.31,-6.11,-5.7,-6.74,-4.27,-3.18,-3.39,-3.08,-0.28
199011,0.48,4.35,7.76,8.61,10.69,9.84,9,11.01,11.5,6.82
199012,-3.11,0.2,2.87,4.89,4.69,5.28,4.73,4.08,4.3,3.35
199101,9.5,9.54,9.73,8.51,9.65,7.51,7.03,6.32,7.05,5.29
199102,15.5,15.08,11.87,13.83,11.24,9.6,10.45,9.04,7.98,6.31
199103,10.72,5.96,7.51,6.03,5.09,4.38,3.36,4.17,2.51,2.22
199104,5.59,0.44,0.28,0.14,1.1,0.39,0.21,1.57,1.86,-0.32
199105,2.4,2.98,4.09,3.28,3.49,3.85,4.6,5.12,5.02,4.07
199106,-2.69,-4.74,-3.98,-4.43,-4.04,-4.09,-3.97,-5.08,-5.72,-4.69
199107,2.87,4.16,3.77,4.09,4.98,5.52,4.85,4.49,4.86,4.7
199108,2.83,4.09,3.06,3.72,4.81,3.79,2.43,2.48,2.68,2.97
199109,1.45,1.43,1.03,-0.11,-0.18,-0.81,-0.67,-0.67,-1.01,-1.78
199110,2.67,4.06,1.77,2.09,2.49,2.24,1.03,2.34,2.06,1.13
199111,-0.48,-4.61,-4.67,-4.3,-5.13,-4.07,-3.56,-3.97,-4.99,-3.63
199112,-0.25,4.75,6.72,8.81,10.12,11.04,9.48,11.25,11.74,11.28
199201,24.44,14.44,9.97,7.67,6.03,5.15,1.71,1.88,0.48,-1.57
199202,8.6,4.3,2.75,2.45,2.56,3.22,2.15,1.96,2.38,1.15
199203,0.85,-3.68,-3.28,-3.34,-2.24,-2.25,-2.43,-2.93,-2.3,-1.83
199204,-4.4,-4.48,-4.27,-3.29,-0.95,-1.99,-0.05,1.26,2.24,2.41
199205,0.37,0.3,0.26,1.12,0.92,1.29,1.05,0.62,0.82,0.7
199206,-4.27,-5.53,-4.54,-3.72,-3.31,-2.67,-2.58,-1.71,-1.66,-1.56
199207,1.77,3.14,4.12,3.31,3.99,5.05,3.6,4.69,4.18,3.94
199208,-2.82,-2.86,-2.61,-2.38,-3.43,-2.44,-2.36,-2.1,-2.39,-2.01
199209,0.78,0.97,3.06,1.82,1.81,2.99,1.02,1.56,2.73,1.5
199210,1.17,3.23,3.51,3.56,4.18,3.13,2.96,3.16,1.92,0.92
199211,7,10.73,8.84,7.63,7.69,7.16,4.59,4.97,4.54,3.33
199212,4.89,2.76,2.7,3.29,3.16,3.71,3.05,2.9,1.32,1.64
199301,11.36,4.2,3.63,2.45,2.55,2.81,1.57,2.46,1.94,0.41
199302,-0.59,-4.09,-2.45,-2.3,-1.67,-1.75,0.14,0.13,0.97,1.3
199303,3.16,2.26,2.4,1.86,3,4.42,3.29,3.16,3.04,2.03
199304,-0.42,-3.62,-3.12,-2.89,-3.73,-2.5,-2.45,-2.98,-2.83,-1.93
199305,3.9,4.5,5.1,4.02,4.88,4.65,3.52,3.67,2.23,2.06
199306,2.89,-0.71,-0.45,0.35,1.26,-0.45,1.05,1.29,-0.02,0.35
199307,1.72,1.27,1.2,1.02,1.44,-0.15,0.57,-0.07,0.85,-0.4
199308,3.48,4.2,4.76,5.28,3.98,4.67,4.3,5.61,3.92,3.85
199309,3.92,2.26,2.43,3.8,2.16,1.64,0.66,0.23,-0.24,-0.16
199310,5.7,4.21,4,1.45,2.32,0.46,0.7,1.11,0.72,1.38
199311,-2.18,-2.9,-3.17,-3.5,-2.65,-2.26,-3.47,-2.13,-1.27,-1.28
199312,-0.62,1.09,2.75,3.54,4.68,4.12,4.14,3.76,2.56,0.88
199401,6.76,4.06,3.86,2.32,1.79,3.03,3.38,2.82,2.74,2.98
199402,-0.4,-1.04,-0.44,-1.17,0.78,-0.41,-1.66,-1.52,-2.01,-3.26
199403,-3.37,-5.08,-6.42,-5.48,-4.22,-5.14,-4.31,-4.62,-3.55,-4.24
199404,-2.45,-1.39,-0.42,-0.02,-0.2,-0.1,1.07,0.59,0.51,1.29
199405,0.15,-0.76,-0.53,-0.8,-1.36,-0.49,-1,0.46,0.48,2.07
199406,-2.28,-4.08,-3.54,-2.3,-2.77,-1.98,-2.64,-3.06,-2.78,-2.25
199407,0.8,0.44,2.55,1.73,2.3,3.47,3.93,3.07,3.45,2.62
199408,2.45,4.7,5.77,6.89,6.92,5.29,5.24,5.05,4.76,4.32
199409,1.83,1.15,0.78,-0.63,-0.69,-0.86,-1.95,-2.11,-2.77,-2.82
199410,-0.11,0.22,-0.33,-0.77,-0.61,1.57,0.28,0.38,1.67,2.26
199411,-4.69,-3.74,-3.88,-3.98,-3.96,-5.46,-5.33,-3.47,-4.27,-3.53
199412,-3.37,-1.1,1.4,1.89,3.07,2.42,1.62,0.91,0.72,1.18
199501,5.37,2.66,0.13,-0.96,-1.74,0.14,1.43,2.03,2.98,3.12
199502,2.01,3.9,3.62,3.74,4.36,5.72,5.25,4.52,5.76,3.55
199503,1.55,1.16,3.28,2.1,2.33,1.66,2.95,2.35,3.31,2.21
199504,2.6,2.53,2.15,2.11,2.07,1.43,2.26,0.93,1.59,2.28
199505,1.71,1.84,1.66,1.63,1.16,2.22,2.36,2.84,3.81,4.55
199506,6.76,4.59,5.4,5.48,3.48,3.89,4.56,3.23,2.28,2.2
199507,5.87,7.24,6.22,7.06,6.37,5.94,6.11,5.3,3.94,3.28
199508,4.84,4.03,1.94,2.19,2.39,1.27,1.28,1.61,2.09,0.87
199509,3.44,2.54,1.55,1.68,1.48,1.7,2.51,2.24,2.53,4.32
199510,-4.7,-4.48,-6.79,-6.41,-4.4,-2,-1.43,-3.1,-2.27,-0.23
199511,-0.87,2.31,4.05,5.2,3.42,5.76,4.53,4.57,5.49,4.88
199512,-0.15,1.91,2.27,2.45,0.95,2.62,-0.03,-0.53,0.76,1.43
199601,5.18,0.55,-0.68,0.05,0.7,-0.79,0.62,2.75,3,3.45
199602,4.39,3.04,3.53,3.42,3.82,4.11,2.67,1.78,2.56,1
199603,3.49,2.94,1.96,2.67,2.58,2.29,2.31,0.81,1.61,1.37
199604,6.46,7.43,7.65,6.17,4.8,4.53,3.83,3.76,2.37,1.29
199605,10.32,5.47,5.64,3.29,2.94,1.92,1.17,1.33,1.54,1.91
199606,-2.88,-4.92,-4.29,-4,-3.06,-3.55,-2.22,-1.78,-0.87,0.18
199607,-8.94,-9.17,-11.46,-9.07,-8.77,-8.61,-5.96,-6.6,-6.27,-4.45
199608,3.29,5.36,5.9,6.3,8.01,6.39,5.63,5.3,3.5,2.77
199609,1.72,3.6,3.9,3.93,4.76,5.08,4.05,5.1,5.49,5.9
199610,-3.35,-2.11,-2.21,-2.68,-3.14,-2.38,0.91,-0.58,0.7,2.29
199611,0.7,2.86,3.25,2.65,4.09,4.45,5.72,5.94,7.17,7.56
199612,-2.21,1.33,2.38,1.58,0.31,0.47,0.73,-0.94,-2.47,-2.07
199701,9.9,4.59,3.4,2.75,3.45,1.2,2.76,2.71,4.51,4.9
199702,-0.91,-2.23,-3.71,-2.7,-1.77,-2.22,-0.53,-0.04,-0.16,1.34
199703,-4.84,-5.67,-6.64,-5.09,-5.55,-4.89,-5.43,-4.93,-3.91,-4.08
199704,-3.37,-4.94,-2.26,-1.28,0.25,1.59,1.78,1.08,2.42,4.68
199705,5.95,11.51,13.97,13.44,13.53,13.04,10.02,9.01,7.73,7.12
199706,4.05,5.18,4.44,3.98,5.25,4.27,4.05,2.98,2.68,4.88
199707,4.16,6.22,3.32,6.56,5.59,6.24,6.32,7.51,9.24,8.87
199708,4.61,4.5,3.64,2.42,2.91,1.15,0.24,-0.12,-1.7,-5.38
199709,9.63,9.33,8.35,8.04,8.09,6.49,6.39,4.66,5.53,5.34
199710,-0.27,-3.66,-4.71,-3.52,-5.05,-3.65,-4.48,-4.79,-3.4,-2.83
199711,-3.68,-1.54,-1.68,-1.98,-0.68,-0.66,1.47,2.01,2.59,4.35
199712,-6.63,-0.87,-0.04,1,0.76,2.42,2.18,1.24,3.22,2.17
199801,3.24,-0.12,0.05,-1.38,-0.11,-1.6,-0.44,-1.17,-2.08,0.89
199802,4.73,6.86,8.15,8.57,8.61,9.06,7.95,7.91,8.42,7.67
199803,5.09,5.16,3.95,4.53,4.15,4.36,5.56,4.28,4.31,5.49
199804,4.22,1.84,0.86,1.91,0.19,0.69,1.08,0.06,0.87,1.23
199805,-3.97,-5.26,-5.78,-5.95,-6.17,-6.17,-4.26,-3.72,-2.94,-2.22
199806,-4.9,-1.75,-1.29,-0.19,-0.19,-1.06,-0.24,-1.24,1.32,3.04
199807,-4.98,-6.08,-7.78,-7.66,-7.65,-8.19,-5.73,-5.75,-4.37,-1.26
199808,-20.5,-22.8,-21.09,-19.74,-20.5,-20.32,-19.1,-17.86,-15.07,-15.08
199809,0.62,7.2,7.39,8.45,7.04,8.18,5.1,7.69,6.07,6.8
199810,1.34,4,4.92,6.08,6.97,4.9,8.63,8.79,9.16,9.19
199811,9.67,8.99,6.86,6.74,6.43,4.86,5.02,3.91,5.83,5.78
199812,0.19,2.69,4.66,4.79,5.31,7.5,5.23,5.2,4.62,5.53
199901,12.7,4.95,1.55,-0.06,1.81,-0.79,-1.55,-2.31,0.3,2.84
199902,-3.23,-6.98,-8.22,-9.17,-8.59,-7.26,-2.88,-3.98,-1.43,-2.03
199903,-3.04,-3.25,-0.61,0.89,2.24,2.88,0.84,4.29,4.41,2.91
199904,7.71,10.31,9.38,8.12,9.85,10.47,9.31,11.4,6.61,6.98
199905,4.49,3.78,3.05,3.91,3.53,2.93,3.51,1.54,0.42,-1.41
199906,2.6,6.69,4.23,6.44,4.43,3.58,5.25,4.51,1.97,3.65
199907,3.17,1.24,-0.93,-2.22,-2.22,-2.58,-0.32,-2.58,-3.81,-3.66
199908,-3.56,-2.95,-4.7,-3.96,-2.91,-4.22,-4.42,-1.71,-2.53,-1.97
199909,-2.75,-0.93,-0.24,-0.45,1.45,-0.04,-1.16,-1.73,-4.6,-3.29
199910,-1.2,-2.56,-0.72,-0.71,0.63,1.45,4.11,4.74,5.44,6.42
199911,12.7,9.22,8.43,7.15,6.92,4.57,5.09,3.3,2.66,1.39
199912,9.36,8.86,6.61,9.92,8.82,5.15,7.57,8.99,5.27,3.04
200001,13.65,3.51,0.44,-3.18,-4.87,-4.59,-4.26,-3.95,-4.89,-3.78
200002,19.5,13.47,10.52,9.84,7.75,4.18,4.62,2.82,-0.98,-5.59
200003,-1.94,-2.01,-0.73,-0.34,1.25,6.66,12.94,10.89,10.02,11.35
200004,-11.73,-9.06,-8.6,-5.14,-3.79,-1.7,-3.61,-3.32,-1.17,-0.62
200005,-7.41,-7.47,-6.66,-4.58,-2.12,-1.82,-2.53,-0.78,-0.26,1.39
200006,8.47,12.73,7.18,6.57,4.39,4.06,2.07,1.86,-0.24,-1.96
200007,-2.03,-2,-1.24,-4.32,-3.68,-3.16,-3.55,-1.7,-0.58,-1.63
200008,4.06,7.8,6.12,6.4,7.93,8.6,8.05,10.66,9.88,10.26
200009,-4.08,-4.61,-4.78,-4.15,-6.68,-4.71,-5.16,-5.42,-1.41,-2.95
200010,-7.8,-8.52,-5.49,-7.08,-6.56,-7.58,-5.08,-2.34,-2.62,-1.73
200011,-12.31,-13.25,-12.05,-13.53,-15.13,-13.45,-11.16,-12.27,-12.42,-12.59
200012,-7.38,-3.32,3.3,3.14,4.56,6.63,7.55,6.08,6.52,2.19
200101,32.94,28.53,23.92,22.39,22.48,16.75,13.03,9.95,9.92,6.79
200102,-4.56,-7.59,-7.99,-9.65,-12.14,-12.96,-9.99,-11.1,-9.12,-13.64
200103,-4.75,-7.99,-7.39,-7.29,-10.77,-9.53,-9.9,-8.96,-9,-10.73
200104,3.57,9.78,8.51,8.33,11.82,11.04,11.34,14.71,11.78,12.17
200105,8.64,11.9,5.8,2.76,3.32,4.43,4.41,2.68,2.45,-0.81
200106,0.8,2.07,5.5,4.21,3.4,0.62,1.06,-0.87,-1.63,-3.96
200107,-1.44,-4.04,-6.48,-6.75,-5.05,-4.55,-1.59,-2.66,-3.85,-0.55
200108,-3.23,-3.53,-4.73,-5.25,-4.14,-4.97,-5.31,-5.56,-5.11,-6.22
200109,-11.22,-15.09,-16.29,-16.92,-16.67,-13.94,-13.49,-16.18,-12.26,-10.41
200110,7.84,7.61,9.01,10.41,11.21,10.9,9.24,7.72,6.34,2.19
200111,5.9,9.75,11.03,11.64,10.64,9.52,9.21,11.27,8.94,9.11
200112,5.73,8.85,8.52,8.43,6.49,7.09,6.5,3.72,2.92,1.93
200201,6.31,-0.49,-2.03,-3.19,-1.83,-2.78,-1.03,-3.01,-0.96,-1.38
200202,-3.65,-5.85,-5.25,-4.09,-3.98,-3.35,-2.39,-2.52,-2.9,-3.04
200203,7.63,8.85,10.05,9.25,9.34,7.5,7.38,8.22,7.52,6.68
200204,1.6,0.29,-0.14,0.02,-2.69,-2.99,-3.49,-2.59,-4.59,-6.08
200205,0.51,-5.15,-6.62,-6.32,-6.55,-4.15,-2.56,-2.94,-2.02,-1.4
200206,-7.2,-3.88,-5.94,-7.68,-7.73,-8.46,-9.53,-10.37,-9.19,-10.03
200207,-10.59,-16.74,-15.65,-16.22,-12.7,-9.71,-9.98,-10.64,-9.66,-7.64
200208,0.46,-1.47,-0.75,1.5,1.04,1.97,0.44,1.03,0.55,0.9
200209,-8.86,-8.88,-8.01,-8.03,-7.81,-8.92,-10.01,-11.5,-8.72,-10.45
200210,4.18,4.97,4.89,4.42,6.38,4.39,5.59,5.75,7.1,6.51
200211,14,15.69,14.03,11.89,10.47,8.59,10.81,11.82,6.35,6.89
200212,-4.74,-6.48,-6.49,-4.97,-5.9,-3.92,-5.39,-4.53,-3.61,-5.49
200301,3.63,-2.77,-3.51,-3.33,-3.09,-3.43,-1.54,-2.54,-1.71,-2.46
200302,-1.82,-5.35,-3.09,-2.85,-3.94,-2.91,-2.31,-2.33,-0.93,-2.94
200303,1.62,0.22,1.64,1.4,0.85,1.36,0.95,0.78,1.18,0.4
200304,9.5,11.83,11.57,10.14,12.56,9.02,11.59,9.61,7.06,9.35
200305,17,15.71,12.53,12.89,10.94,8.83,10.9,10.11,9.22,6.93
200306,7.87,6.14,2.36,2.18,2.22,2.2,2.17,0.33,0.02,1.15
200307,9,7.88,7.92,6.65,5.35,4,4.02,3.59,1.97,1.79
200308,5.63,4.86,4.57,4.72,5.5,5.09,5.35,4.68,4.05,2.64
200309,6.31,0.33,-1.94,-2.48,-2.34,-1.23,-1.25,-1.43,-1.54,-1.73
200310,8.79,8.86,9.02,8.68,8.29,8.12,7.74,8.39,6.81,6.48
200311,4.58,3.78,3.27,3.35,2.98,3.9,3.14,2.59,2.23,1.48
200312,4.02,2.73,2.87,2.88,2.36,3.51,2.28,3.28,3.81,5.39
200401,10.65,6.17,4.61,4.44,3.13,3.01,3.19,2,2.7,1.1
200402,0.81,0.34,0.19,1.35,1.01,2.88,2.69,2.17,2.39,1.98
200403,0.48,-0.91,0.76,1.04,1.1,0.61,-0.07,-0.37,-0.49,-1.38
200404,-2.51,-5.2,-4.29,-4.11,-2.78,-3.48,-3.24,-3.03,-1.62,-1.09
200405,-1.11,-0.97,1.03,1.7,1.71,1.95,1.76,2.33,2.11,1.11
200406,1.18,5.09,5.2,5.25,3.27,2.86,2.43,1.95,2.64,1.63
200407,-6.52,-9.62,-7.04,-6.77,-5.86,-5.52,-5.01,-5.5,-3.58,-3.94
200408,-1.84,-1.36,-0.54,-2.03,-0.75,-1.32,-0.91,-0.37,0.25,0.12
200409,3.56,5.26,5.85,5.7,4.57,3.37,3.71,3.14,4.13,1.88
200410,1.46,1.85,3.08,1.83,2.31,2.7,2.37,2.78,3.01,0.79
200411,9.41,10.02,9.76,8.82,7.86,6.62,6.87,6.81,5.61,4.4
200412,8.39,3.72,4.26,3.1,2.99,4.39,5.25,3.85,3.45,3.9
200501,-3.2,-5.01,-4.73,-3.83,-4.4,-2.82,-1.84,-3.61,-1.64,-2.89
200502,0.55,-0.55,1.59,2.9,2.16,1.78,3.04,2.23,3.41,1.13
200503,-3.61,-3.76,-2.8,-2.12,-2.78,-1.61,-0.87,-1.26,-0.5,-1.74
200504,-6.07,-7.09,-6.65,-6.49,-5.86,-4.66,-3.8,-4.2,-3.02,-1.51
200505,3.55,6.62,7.2,7.7,7.05,5.78,6.29,5.72,3.97,3.52
200506,3.36,4.98,4.22,3.58,3.16,2.69,2.39,1.94,2.36,0.09
200507,7.17,6.37,7.48,6.02,5.88,5.17,5.67,5.43,4.93,4.3
200508,-0.84,-1.85,-1.81,-1.26,-1.7,-0.77,-0.72,-0.98,-0.98,-0.78
200509,0.89,-0.22,-0.36,0.99,0.47,0.04,0.97,0.73,1.73,0.36
200510,-3.79,-2.61,-2.7,-3.25,-3.34,-2.68,-2.74,-2.47,-2.42,-1.09
200511,2.4,5.4,4.84,4.76,4.91,5.79,4.06,4.65,4.19,3.45
200512,1.53,-0.28,0.45,-0.75,-0.39,1.26,0.93,0.81,0.77,0.48
200601,8.88,9.4,8.86,8.21,8.1,5.64,4.85,3.76,3.89,2.83
200602,1.41,-0.73,0.05,-0.76,-0.67,-0.4,-0.08,0.75,-0.38,0.57
200603,4.88,4.53,4.33,4.28,4.47,2.8,2.48,2.49,1.66,1.21
200604,0.95,-0.45,0.73,0.19,0.33,0.3,1.38,0.38,1.35,1.59
200605,-5.24,-5.71,-4.31,-5.29,-5.52,-3.07,-3.9,-3.25,-3.4,-1.9
200606,-1.38,-0.22,-0.33,-0.33,-0.65,-0.87,-0.97,-0.92,0.68,0.21
200607,-3.61,-3.99,-3.86,-3.85,-3.78,-3.57,-4.34,-2.7,-1.14,-0.38
200608,1.38,3.44,3.72,2.51,2.54,2.18,1.7,2.46,2.46,2.06
200609,0.64,0.41,1.48,0.88,1.3,0.93,1.94,1.84,2.1,2.81
200610,4.73,6.53,5.91,5.45,5.28,4.87,3.82,4.5,3.32,3.23
200611,2.4,2.08,3.02,2.37,3.97,4.28,4.01,3.83,3.11,1.22
200612,2.19,1.26,-0.34,0.33,0.15,0.32,0.34,0.08,-0.12,1.64
200701,2.85,0.5,2.01,1.38,2.3,2.98,3.72,3.19,2.81,1.84
200702,0.6,-0.72,-0.23,-0.29,0.24,0.72,0.33,0.05,0.35,-1.56
200703,-0.31,0.64,0.67,0.25,2.49,1.56,1.21,0.85,0.96,1.19
200704,2.2,0.94,1.78,1.98,3.12,3.98,3.93,4.24,4.09,4.39
200705,0.81,3.22,3.31,4.05,5.38,5.53,4.01,4.2,3.32,3.69
200706,-0.07,-0.39,-1.6,-2.04,-1.29,-0.68,-1.85,-2.01,-1.27,-1.85
200707,-4.63,-7.31,-6.77,-6.01,-5.03,-4.5,-4.56,-4.45,-2.68,-3.02
200708,-3.28,1.37,2.51,1.37,1.79,-1.09,-0.75,0.29,-0.31,1.72
200709,1.43,0.8,0.56,1.19,1.98,3.05,2.48,2.27,3.42,4.19
200710,0.15,1.49,1.69,2.72,2.45,2.23,1.28,1.47,1.84,2.15
200711,-9.74,-9.26,-7.99,-7.37,-6.1,-6.39,-5.24,-5.56,-4.12,-4.04
200712,-2.1,-0.51,-0.57,0.27,-1.69,-1.27,-2.12,-1.31,0.04,-1.78
200801,-4.36,-7.67,-5.87,-6.01,-4.83,-5.48,-3.86,-4.76,-5.71,-4.9
200802,-2.03,-5.4,-2.15,-4.22,-4.52,-0.93,-3.14,-3.05,-3.05,-2.5
200803,-4.4,-0.23,0.74,0.46,-1.66,-1.45,-3.42,-1.7,-2.76,-1.22
200804,0.27,2.42,2.85,3.61,6.3,8.49,4.64,5.15,6.27,4.92
200805,2.86,3,4.81,5.43,5.31,4.36,4.2,3.74,3.02,1.61
200806,-8.16,-11.79,-11.13,-9.65,-10.69,-9.86,-10.32,-11.1,-9.13,-10.15
200807,-0.8,6.1,4.2,3.96,0.74,1.09,-2.18,-2.17,-2.94,-1.4
200808,1.09,3.89,4.2,5.94,3.61,3.35,1.77,2.3,-0.2,0.87
200809,-12.75,-7.76,-7.87,-7.39,-10.98,-10.6,-12.27,-13.21,-13.24,-11.55
200810,-20.39,-22.16,-23.93,-22.08,-22.34,-21.03,-22.82,-21.89,-22.5,-17.63
200811,-16.51,-13.14,-13.89,-11.86,-13.72,-9.42,-12.05,-10.26,-10.77,-7.35
200812,-0.18,5.96,8.39,5.89,5.37,5.57,5.11,4.78,3.19,2.05
200901,1.75,-11.73,-9.1,-10.31,-9.22,-7.44,-5.48,-6.23,-6.6,-6.47
200902,-11.08,-12.57,-13.37,-13.13,-11.63,-11.07,-11.98,-9.99,-11.02,-10.94
200903,12.33,15.58,11.46,14.2,11.97,10.95,11.76,8.7,9.68,11.3
200904,19.75,25.14,26.6,22.09,25.74,21.69,21.91,18.65,22.64,12.51
200905,13.7,5.9,5.99,7.35,5.41,5.39,6.81,7.1,8,8.1
200906,5.86,4.09,2.76,1.08,1.78,-0.17,0.14,0.29,-0.76,-1.03
200907,7.6,9.81,11.01,9.17,10.47,9.57,8.75,8.53,8.57,7.63
200908,10.39,4.05,2.31,4.93,3.43,2.91,4.05,5.82,3.85,3.23
200909,7.9,7.13,8.11,5.72,5.74,6.89,6.55,6.55,4.88,3.81
200910,-6.8,-8.53,-7.52,-6.96,-6.05,-4.95,-4.68,-4.18,-3.08,-1.8
200911,0.15,1.15,2.44,2.27,3.32,4.34,5.16,3.85,4.66,6.89
200912,5.37,8.78,9.16,8.68,7.63,7.05,5.53,6.54,4.72,2.01
201001,3,-3.88,-2.62,-2.34,-3.44,-2.8,-3.16,-3.34,-2.98,-3.52
201002,2.8,5.64,3.75,3.61,5.34,4.62,4.47,5.4,4.06,2.97
201003,8.04,8.52,7.96,9.42,7.77,8.46,7.16,7.84,5.88,5.85
201004,11.33,7.93,5.79,5.02,5.94,3.56,5.23,3.54,2.63,1.05
201005,-8.7,-8.88,-7.48,-7.52,-7.73,-6.89,-7.52,-6.7,-7.24,-8.11
201006,-8.85,-7.8,-7.61,-7.54,-7.72,-6.37,-6.65,-6.03,-5.15,-5.55
201007,4.06,6.35,6.91,6.67,7.65,6.49,7.1,7.49,7.13,7.37
201008,-6.88,-9.31,-7.87,-6.55,-7.45,-5.53,-5.05,-4.63,-4.55,-4.19
201009,9.18,12.5,13.08,13.72,13.19,12.78,10.52,11.11,10.71,9.26
201010,4.43,5.74,4.16,2.63,3.87,3.81,2.1,4.04,3.64,4.5
201011,0.95,4.52,3.47,3.59,4.06,3.82,2.04,2.92,1.22,-0.08
201012,8.77,9.5,9.52,8.11,8.75,7.33,7.83,7.14,6.95,6.28
201101,4.08,-3.05,0.14,0.66,0.17,2.41,2.35,2.24,1.9,2.48
201102,3.5,4.22,6.24,4.89,4.85,5.5,3.85,4.24,3.93,3.31
201103,-0.26,2.6,2.77,1.55,2.68,3.3,1.86,2.12,0.92,0.03
201104,-0.1,1.76,1.83,2.64,3.22,3.4,3.01,2.72,3.42,3.2
201105,-2.68,-2.73,-3.17,-0.95,-1.64,-1.08,-1,-0.26,-0.68,-0.84
201106,-2.87,-3.8,-2.19,-1.17,-2.26,-1.81,-2.34,-2.33,-1.6,-1.54
201107,-0.92,-2.75,-4.04,-4.39,-4.71,-3.66,-3.89,-3.53,-3.81,-2.54
201108,-10.23,-11.05,-9.95,-9.67,-7.91,-8.57,-7.68,-7.63,-6.09,-5.8
201109,-10.71,-11.91,-11.34,-11.71,-11.61,-11.76,-10.9,-10.36,-8.74,-7.84
201110,7.53,16.42,16.93,16.59,16.27,16.84,15.57,14.9,11.94,12.49
201111,-3.24,-1.25,-0.81,-0.14,-1.95,0.79,-0.36,-0.4,-0.8,-0.35
201112,-0.07,0.75,-0.24,0.35,-0.12,-0.07,-0.36,-0.77,-1.12,0.19
201201,10.92,9.76,8.41,7.36,7.4,6.96,6.85,7.57,7.06,5.53
201202,4.88,1.11,2.95,3.68,3.2,4.79,4.78,4.93,4.31,4.49
201203,4.62,2.9,1.78,2.6,2.5,0.16,1.81,1.47,2.1,2.88
201204,-0.78,-2.85,-2.92,-1.23,-1.74,-1.36,-0.52,-1,-1.21,-0.71
201205,-6.26,-8.44,-7.69,-6.5,-6.93,-7.87,-7.98,-8.89,-6.91,-6.82
201206,2.98,6.27,5.83,4.93,4.17,2.72,1.57,1.98,3.15,3.58
201207,-0.89,-2.26,-2,-1.54,-1.92,-0.32,-0.34,-1.03,0.84,0.54
201208,1.84,2.77,3.5,2.26,4.79,3.65,4.36,3.76,2.78,2.34
201209,4.52,4.04,5.7,3.36,2.34,2.9,1.67,2.63,2.18,2.71
201210,-1.85,-4.2,-2.74,-3.03,0.01,-1.73,-0.6,-0.01,-1.61,-0.76
201211,-1.3,1.37,0.89,0.32,2.1,2.9,2.46,1.68,1.3,1.13
201212,1.18,4.92,4.07,3.43,3.04,3.22,1.92,3.02,2.09,1.36
201301,8.82,4.75,6.37,6.7,6.47,6.34,8.12,7.27,6.87,6.04
201302,1.21,0.09,1.43,0.94,0.92,1.47,1.61,0.77,1.56,0.95
201303,4.05,5.05,4.47,4.24,4.55,5.04,4.66,4.6,4.19,4.65
201304,-0.21,-0.4,-1.11,-0.52,-0.26,-0.45,0.64,1,1.52,1.67
201305,4.68,6.52,6.33,5.63,4.99,4.5,5.02,2.19,2.56,2.65
201306,0.29,0.27,1.06,-0.05,-0.75,-1.07,-1.64,-1.85,-0.37,-1.17
201307,8.02,8.34,7.66,6.26,7.46,7.69,6.82,6.51,5.86,5.75
201308,-1.09,-2.96,-3.16,-2.38,-3.46,-2.11,-2.78,-2.01,-2.5,-2.41
201309,5.78,7.4,6.41,6.12,5.33,5.9,5.57,4.94,3.98,3.93
201310,2.07,1.4,2.92,1.33,3.64,3.73,3.26,3.34,3.57,4.62
201311,4.47,6.62,4.4,4.72,3.6,4.1,2.21,1.9,2.43,3.05
201312,3.28,1.64,2.77,1.99,2.63,3.24,3.28,2.92,3.1,2.85
201401,4.34,-3.07,-2.32,-3.62,-3.09,-2.33,-2.28,-3.25,-2.37,-3.43
201402,4.14,4.57,4.36,4.34,4.58,6.03,5.11,5.89,5.95,4.66
201403,-0.19,0.52,0.47,-0.25,-0.42,-0.23,-0.1,0.19,-0.05,0.91
201404,-5.32,-5.26,-4.23,-3.72,-2.53,-2.21,-1.28,-1.34,0.05,0.61
201405,-1,-0.66,-0.1,0.3,1.58,1.17,1.22,2.28,2.09,2.67
201406,3.81,5.38,6.8,5.87,4.83,5.19,4.74,3.67,2.74,2.15
201407,-4.31,-7.23,-6.89,-5.3,-6.07,-5.31,-4.39,-2.68,-2.37,-1.98
201408,3.01,3.62,5.36,5.07,4.62,5.51,5.51,5.23,4.63,3.75
201409,-4.38,-7.35,-5.79,-5.24,-5.58,-5.62,-4.48,-3.65,-2.43,-1.49
201410,-0.11,6.82,6.16,6.15,5.19,3.9,0.89,3.46,2.64,2.02
201411,-1.09,-1.43,-0.27,-0.44,1.13,0.61,0.56,2.54,2.22,2.56
201412,1.93,5.26,3.62,1.29,1.47,-0.11,-0.39,0.82,-0.3,-0.06
201501,-1.75,-6.54,-4.89,-4.98,-4.7,-2.56,-2.78,-1.67,-3,-3.71
201502,5.22,7.07,8.36,6.57,7.8,8.47,7.46,7.72,6.11,6.11
201503,-0.42,0.2,1.04,1.54,0.7,0.28,0.2,-0.11,-1.17,-1.46
201504,0.78,-0.9,-0.55,-0.77,-0.36,-0.45,0.82,-0.13,1.03,1.59
201505,0.25,1.56,1.15,1.81,1.07,2.41,0.17,1.68,0.27,0.75
201506,-0.57,3.12,1.32,-0.31,0.15,-1.24,-2.22,-1.28,-2.78,-1.89
201507,-5.3,-5.42,-2.01,-1.76,-2.32,-1.68,0.93,0.53,0.17,2.05
201508,-2.98,-4.88,-5.51,-6.61,-6.06,-4.44,-6.39,-5.76,-5.01,-6.24
201509,-5.59,-7.59,-6.55,-6.71,-5.99,-6.08,-4.73,-5.4,-3.29,-3.4
201510,2.71,7.1,6.3,5.41,7.57,6.3,5.37,6.99,6.41,7.86
201511,1.11,3.26,5.02,5.48,3.19,0.37,1.31,0.64,-0.14,0.41
201512,-4.75,-5.69,-5.67,-4.71,-6.2,-4.97,-4.07,-3.83,-2.86,-1.79
201601,-9.25,-11.56,-12.03,-10.39,-9.54,-8.84,-7.86,-8.92,-5.89,-6.05
201602,-0.51,-0.43,1.35,-0.06,1.06,2.44,1.31,-0.07,1.99,0.33
201603,6.65,9.51,8.63,9.51,10.81,9.82,9.06,9.42,8.02,6.2
201604,5.03,3.39,4.69,2.34,3.5,2.79,2.48,3.39,1.5,1.38
201605,-0.66,-0.47,2.34,1.42,0.25,1.53,2.01,2.23,0.72,1.38
201606,0.29,-0.58,0.33,-1.77,0.38,-1.94,-1.45,-2.18,1.02,-0.72
201607,5.78,6.29,6.72,6.47,6.03,5.62,4.29,4.69,4.49,3.54
201608,2.99,3.9,0.95,3.34,1.89,1.59,-0.06,2.03,-0.43,0.26
201609,3.35,3.69,2.68,1.76,0.38,0.65,0.26,0.02,0.93,-0.09
201610,-7.33,-6.02,-4.83,-6.63,-4.52,-3.54,-3.15,-1.58,-3.02,-1.37
201611,7.11,14.49,12.58,12.89,10.93,9.05,8.62,5.63,5.7,4.33
201612,1.4,5.21,2.56,1.64,1.55,1.4,1.05,0.36,0.99,1.42
201701,2.94,-1.24,-0.05,1.2,1.47,1.39,2.66,2.96,3.21,2.14
201702,1.33,0.52,2.85,1.45,1.28,2.31,2.54,3.54,3.06,3.82
201703,1.1,0.79,-0.23,0.49,0.37,-0.14,0.42,-0.04,0.04,-0.02
201704,-1.27,1.13,1.56,1.01,0.38,0.48,0.7,1.11,1.16,1.24
201705,-3.12,-3.42,-2.91,-3.07,-2.23,-1.17,-0.54,0.13,1.32,1.45
201706,4.26,6.18,4.63,3.65,2.61,2.58,2.24,1.64,0.12,1.19
201707,-1.86,-1.17,0.57,1.06,1.42,1.02,1.56,1.31,1.76,1.91
201708,-2.83,-1.05,-1.05,-2.53,-1.46,-1.03,-0.39,-0.22,-1.52,0.51
201709,9.17,8.7,7.7,7.62,6.78,4.27,4.36,3.23,2.7,2.7
201710,-1.37,-0.33,0.04,0.04,0.08,1.92,2.09,1.55,1.48,1.62
201711,3.42,3.99,2.43,2.66,3.32,3.96,2.99,4.82,3.33,3.19
201712,2.41,-0.56,0.7,0.76,-0.04,0.46,1.09,1.05,1.77,1.06
