date,isu,acr,ivol1m
07-01-1955,0.00744056,0.036224769,0.065391458
08-01-1955,-0.021489198,-0.017643416,-0.010666536
09-01-1955,0.000860557,0.00362991,0.042147295
10-01-1955,-0.005885811,-0.004762196,0.015556791
11-01-1955,-0.023671492,-0.017548718,0.016338198
12-01-1955,0.01010225,-0.012897096,-0.003421838
01-01-1956,0.006538188,0.002853173,0.014003437
02-01-1956,-0.013461771,-0.000484946,-0.014877619
03-01-1956,-0.022937999,-0.049408219,0.014957719
04-01-1956,-0.017247257,-0.023875597,-0.001366738
05-01-1956,0.016570413,0.013512809,0.015030883
06-01-1956,-0.003200924,0.003435395,-0.001100105
07-01-1956,0.001811394,-0.008870502,-0.008754825
08-01-1956,-0.013688815,0.025242428,0.003427918
09-01-1956,-0.017333418,0.02199393,0.011039002
10-01-1956,-0.009966182,-0.013857811,0.003733973
11-01-1956,0.006529739,-0.015820777,-0.009853944
12-01-1956,6.37E-05,-0.022747072,0.019927282
01-01-1957,0.035704767,0.000428381,-0.032898692
02-01-1957,0.015420618,-0.001722162,0.025944018
03-01-1957,-0.006080836,-0.024598412,-0.002090202
04-01-1957,-0.01082761,0.000705893,0.020921199
05-01-1957,0.005672668,-0.030054459,0.005416948
06-01-1957,0.001814217,-0.008032498,-0.011435218
07-01-1957,-0.005180283,0.006928825,0.015582558
08-01-1957,0.004400762,0.029331481,0.042510171
09-01-1957,0.006555161,0.036373499,0.019257474
10-01-1957,0.012816422,0.001235372,0.06584727
11-01-1957,0.023300794,0.016194636,-0.046085724
12-01-1957,0.027564103,0.050883861,0.067165484
01-01-1958,-0.025311531,0.013902553,-0.049017933
02-01-1958,0.001947366,0.035284422,0.021583851
03-01-1958,-0.011832068,-0.006733091,-0.014797952
04-01-1958,-0.017536592,-0.000567502,0.017879757
05-01-1958,-0.000928798,0.000542021,-0.021535002
06-01-1958,-0.005435471,-0.009179974,0.010331925
07-01-1958,-0.012851843,-0.026373847,-0.006527292
08-01-1958,0.000256413,-0.00723601,-0.006409219
09-01-1958,-0.013829321,0.020764667,-0.029054588
10-01-1958,0.009573838,-0.009042526,-0.018690602
11-01-1958,-0.005784254,-0.002489927,-0.027650681
12-01-1958,0.029426247,0.034615391,0.035851736
01-01-1959,-0.00499706,0.020243373,-0.003383558
02-01-1959,0.019689971,0.024915727,-0.024995621
03-01-1959,-0.004688432,-0.011116346,-0.015723091
04-01-1959,0.008400134,0.015357359,-0.02339032
05-01-1959,0.010530653,-0.010427776,0.015231514
06-01-1959,-0.003286349,0.001315501,-0.028198507
07-01-1959,-0.021858807,-0.005326487,0.017728638
08-01-1959,-0.015180886,-0.011280292,0.036249154
09-01-1959,0.014733921,0.011040089,0.011790583
10-01-1959,0.016358441,0.019796747,-0.04151169
11-01-1959,0.042425472,0.001655337,-0.019376147
12-01-1959,-0.004488993,0.006433972,0.05043909
01-01-1960,0.010877343,0.031037735,0.004524096
02-01-1960,0.039750585,0.036821931,-0.006102343
03-01-1960,0.002234279,0.019442444,0.020177816
04-01-1960,0.023401995,0.023550576,0.02116023
05-01-1960,0.053985657,-0.017537751,-0.030729314
06-01-1960,-0.008878318,0.012973015,0.014424977
07-01-1960,0.024843974,0.019390767,0.028660556
08-01-1960,0.014734799,0.013395327,-0.003595922
09-01-1960,-0.00524236,-0.001754873,0.003506924
10-01-1960,0.0080201,0.000483807,0.051852959
11-01-1960,0.023163965,0.005780546,-0.013160719
12-01-1960,0.040784576,0.01226371,0.025300879
01-01-1961,0.007828024,-0.001303883,-0.012430143
02-01-1961,0.005357908,-0.014014742,-0.038213006
03-01-1961,0.012223546,0.004529287,-0.053911154
04-01-1961,0.020839038,-0.004750612,0.023541906
05-01-1961,-0.033890119,-0.008146437,0.009725343
06-01-1961,-0.025780863,0.007077326,0.034988695
07-01-1961,-0.005999991,0.014935907,0.03922412
08-01-1961,-0.00435027,-0.002767529,0.011307128
09-01-1961,-0.018709487,0.028509989,0.048982787
10-01-1961,-0.041697672,0.019185679,0.015486937
11-01-1961,-0.004346895,0.019527395,0.011984485
12-01-1961,-0.000799922,0.011486021,0.027983083
01-01-1962,-0.025744176,-0.002370466,-0.005280499
02-01-1962,-0.000354777,-0.013382704,0.007394037
03-01-1962,-0.018168903,0.000541337,0.018038735
04-01-1962,-0.027845112,-1.14E-05,0.005022373
05-01-1962,-0.020574286,-0.004504843,0.051516772
06-01-1962,-0.023268974,0.002569414,0.037603842
07-01-1962,0.005658559,0.013823559,-0.009823868
08-01-1962,0.004665776,0.003717953,-0.005860654
09-01-1962,-0.032225857,-0.009221728,0.067614233
10-01-1962,-0.016646773,0.001985746,0.089568636
11-01-1962,0.018137212,-0.010380511,-0.032875613
12-01-1962,-0.017238133,-0.000331184,0.096275731
01-01-1963,0.003102172,-0.00900015,-0.025451725
02-01-1963,0.000500074,0.015902299,0.008705517
03-01-1963,-0.015117245,-0.018618802,0.029688826
04-01-1963,-0.005602162,-0.017375632,0.041774466
05-01-1963,-0.01671542,-0.013786834,-0.025496698
06-01-1963,-0.005719382,0.006451314,-0.014133553
07-01-1963,-0.002050562,-0.004736956,0.012452733
08-01-1963,0.002086797,0.010211233,0.004042503
09-01-1963,0.011303579,0.000616228,0.007743346
10-01-1963,0.014264229,0.030289189,0.002180155
11-01-1963,0.009104324,-0.013188619,0.020870173
12-01-1963,0.002809381,-0.0061467,-0.00255828
01-01-1964,0.01546151,-0.011203721,0.030029348
02-01-1964,-0.005231615,0.005260887,0.03065849
03-01-1964,-0.000162888,0.00372447,0.019167429
04-01-1964,-0.007524824,-0.002173979,0.050090964
05-01-1964,-0.010087196,0.016662562,0.007263632
06-01-1964,0.016643853,-0.008777663,0.040232558
07-01-1964,-0.020596111,0.019857968,0.003117004
08-01-1964,-0.005049998,0.004061994,0.016453936
09-01-1964,-0.020962777,-0.0139652,-0.003860524
10-01-1964,-0.005144705,-0.002532294,0.016743834
11-01-1964,0.000199415,-0.009986758,0.005186391
12-01-1964,0.007110279,0.005406867,0.028395131
01-01-1965,0.004751374,-0.003341584,-0.052101009
02-01-1965,0.026064029,0.011825415,-0.033006877
03-01-1965,0.008021654,-0.000311949,-0.023900773
04-01-1965,0.019726821,-0.009723023,0.004726886
05-01-1965,-0.002800019,0.008393279,0.011286993
06-01-1965,0.000875023,0.006067729,0.085396518
07-01-1965,0.001160141,0.001686605,-0.020858369
08-01-1965,0.027527327,0.019548023,-0.03695119
09-01-1965,0.0039772,-0.008938811,-0.021543908
10-01-1965,0.00303131,0.013934766,-0.06949625
11-01-1965,0.01401769,0.010951536,-0.076979273
12-01-1965,-0.002530991,0.014952345,-0.014545025
01-01-1966,0.008047065,0.024007686,-0.06739353
02-01-1966,0.039563985,0.005194687,-0.094707849
03-01-1966,0.035699304,0.017346858,-0.011731295
04-01-1966,0.045645322,0.015735063,-0.036362438
05-01-1966,-0.007511089,-0.007922442,0.08209143
06-01-1966,0.017225197,0.021338033,-0.024339496
07-01-1966,-0.005876174,0.010508411,0.028743402
08-01-1966,0.000181873,0.009905585,0.027714064
09-01-1966,-0.009383583,0.019863749,0.034868481
10-01-1966,0.000677975,0.025847913,0.140490701
11-01-1966,0.091752127,0.012967491,-0.101686306
12-01-1966,0.013962206,0.00520905,0.006022753
01-01-1967,0.002838661,-0.013244873,-0.118778544
02-01-1967,0.041771764,0.006987627,-0.043984641
03-01-1967,0.010090751,-0.008514301,-0.003176651
04-01-1967,-0.015413587,-0.008055414,0.006116963
05-01-1967,-0.006141854,0.001091234,-0.037381289
06-01-1967,0.00897579,0.027728088,-0.091655912
07-01-1967,-0.039846709,-0.030897632,-0.05525197
08-01-1967,-0.007430606,0.004785053,0.015551973
09-01-1967,-0.008666983,-0.021248633,-0.023274198
10-01-1967,0.016729752,-0.015170166,-0.008110814
11-01-1967,0.018472191,-0.002912706,0.012771578
12-01-1967,-0.014504208,0.012738376,-0.097336011
01-01-1968,-0.023004867,0.047312384,-0.025104806
02-01-1968,-0.025066283,0.010273441,0.085973287
03-01-1968,-0.008285333,-0.007188095,0.019510883
04-01-1968,0.021070155,0.001126545,-0.095752059
05-01-1968,0.001664355,0.016485812,-0.080220055
06-01-1968,-0.016260769,0.011459192,0.037926325
07-01-1968,-0.033593543,-0.014286085,0.038406473
08-01-1968,-0.005891365,4.53E-05,-0.0122519
09-01-1968,-0.011821535,0.013569201,-0.048224053
10-01-1968,-0.0278538,-0.000760877,0.046832278
11-01-1968,0.008594722,0.001049048,-0.023321776
12-01-1968,-0.019929228,0.022772415,-0.031054963
01-01-1969,-0.023639167,0.014630416,-0.012051409
02-01-1969,-0.011868846,-0.016099418,0.083760996
03-01-1969,-0.010768236,-0.011344363,0.009930374
04-01-1969,0.008426446,-0.01526,-0.001093561
05-01-1969,0.001642116,-0.006311102,0.00125796
06-01-1969,0.011804707,-0.032684979,0.111475668
07-01-1969,-0.00064266,-0.010311946,0.058059691
08-01-1969,0.019530654,-0.010391181,-0.022143576
09-01-1969,0.002444827,0.017503108,0.011171699
10-01-1969,0.01968793,0.015106316,-0.004137671
11-01-1969,0.004518333,-0.00241729,0.029473836
12-01-1969,-0.00847054,0.004570764,0.062793429
01-01-1970,-0.026522132,0.007086769,0.042750251
02-01-1970,-0.017771505,0.002611017,0.060291179
03-01-1970,-0.047496851,-0.002887784,0.045817478
04-01-1970,-0.040635633,-0.013955582,0.110304528
05-01-1970,-0.047298146,-0.005154279,0.077061322
06-01-1970,-0.032477137,-0.00843439,0.087826087
07-01-1970,-0.018309515,-0.028368113,0.013568135
08-01-1970,0.005783444,-0.015922513,-0.049541298
09-01-1970,0.063500706,-0.012671033,-0.161944697
10-01-1970,0.001884229,-0.02377419,0.102324848
11-01-1970,-0.010043003,0.013895606,0.077283762
12-01-1970,-0.001477184,0.024548901,-0.002800143
01-01-1971,0.02616818,0.03460761,-0.127641404
02-01-1971,0.0229726,-0.03160238,-0.039835955
03-01-1971,0.029521221,-0.018146079,-0.002789382
04-01-1971,0.011872753,-0.0253546,0.01211931
05-01-1971,0.008604415,-0.005714441,0.017912876
06-01-1971,0.011922064,0.013575427,0.04054094
07-01-1971,-0.026701531,-0.006311941,0.050757095
08-01-1971,0.026280114,-0.001324028,-0.026888934
09-01-1971,-0.009864356,-0.002785527,0.02017292
10-01-1971,-0.000355894,-0.005103333,0.061685928
11-01-1971,0.006477641,-0.01046652,0.054896254
12-01-1971,0.017176955,-0.010229797,-0.027839462
01-01-1972,0.036592412,0.001096746,-0.099527924
02-01-1972,0.022825321,-0.021351736,0.003755246
03-01-1972,-0.019409715,-0.00164058,0.021438823
04-01-1972,0.018794247,-0.010659711,0.016774557
05-01-1972,0.006216139,-0.0361425,0.046992874
06-01-1972,-0.01434561,-0.013050093,0.011677604
07-01-1972,0.009048248,-0.028925316,0.070128964
08-01-1972,-0.039038164,0.008819843,0.038171911
09-01-1972,-0.010362,-0.008462166,0.049889631
10-01-1972,0.001494383,-0.006867439,0.072750343
11-01-1972,-0.02949632,0.001840608,-0.00721083
12-01-1972,0.018959802,-0.016420459,0.054487282
01-01-1973,-0.024365691,0.025082803,0.043561632
02-01-1973,0.001779629,0.002808252,0.045464814
03-01-1973,-0.005491896,0.001257827,0.025487407
04-01-1973,-0.044500064,0.004703573,0.078763127
05-01-1973,0.041447733,-0.016120607,0.084752967
06-01-1973,0.00162425,-0.004398302,0.016941388
07-01-1973,0.067449997,-0.020944286,-0.151966906
08-01-1973,0.004884239,0.002761808,0.031663917
09-01-1973,0.012212274,-0.025552068,-0.052525516
10-01-1973,-0.000198357,0.041771409,0.033399061
11-01-1973,-0.004958205,0.020995605,0.103573494
12-01-1973,-0.040661641,0.001238159,0.041748875
01-01-1974,-0.016159541,-0.01609351,-0.108305379
02-01-1974,-0.01038666,0.003754076,-0.04462827
03-01-1974,0.004066491,-0.000222433,-0.027775326
04-01-1974,0.003123905,-0.004977433,0.038442678
05-01-1974,0.027812316,-0.046395904,0.09213267
06-01-1974,-0.006102823,-0.001879961,0.034736533
07-01-1974,-0.036527079,0.054166184,-0.082239116
08-01-1974,-0.010471234,-0.007788485,0.027553299
09-01-1974,-0.064008962,0.028503225,0.012793786
10-01-1974,0.140003849,0.018602448,-0.030040118
11-01-1974,0.009486007,0.016965628,0.01874053
12-01-1974,-0.024448401,0.00036473,0.085010413
01-01-1975,-0.047526664,0.036060881,-0.217240518
02-01-1975,0.0579332,-0.022372781,-0.029149237
03-01-1975,0.027457949,0.036473077,-0.055082976
04-01-1975,0.028665116,0.002121881,0.030608422
05-01-1975,0.018831293,0.001987343,-0.033278642
06-01-1975,0.002887647,0.013732925,-0.003671064
07-01-1975,-0.038448314,0.009398414,-0.005713561
08-01-1975,-0.011716001,-0.010494339,0.045411011
09-01-1975,-0.012065855,0.016639088,0.039048249
10-01-1975,0.001544539,-0.012197223,0.068945974
11-01-1975,-0.00139632,-0.002866961,0.009258922
12-01-1975,-0.000286265,0.014742077,-0.030447371
01-01-1976,-0.015668981,-0.000196467,-0.081149356
02-01-1976,-0.015256873,0.039173642,-0.114949487
03-01-1976,-0.009083309,-0.012480334,0.029505043
04-01-1976,-0.012627598,0.013475494,0.027003787
05-01-1976,0.004582192,-0.017894601,0.027182917
06-01-1976,0.014202746,0.006363203,0.027765772
07-01-1976,-0.00476304,0.009948705,0.049138156
08-01-1976,-0.001030838,-0.001420777,0.073734318
09-01-1976,0.000941777,0.0147708,0.003044806
10-01-1976,-0.006727937,-0.00522211,-0.005287681
11-01-1976,0.002594339,0.006674343,-0.05348999
12-01-1976,-0.026951264,-0.000325137,-0.032552676
01-01-1977,-0.034473949,0.022521766,-0.036808399
02-01-1977,-0.000889006,-0.009447845,-9.47E-05
03-01-1977,0.013889442,-0.000179196,-0.007916885
04-01-1977,0.013978036,0.015918257,-0.006009206
05-01-1977,0.003516643,-0.000991072,-0.005595191
06-01-1977,0.016061701,0.00530018,-0.036937703
07-01-1977,-0.002912802,0.008126612,0.001571751
08-01-1977,0.01008858,0.006248449,-6.66E-05
09-01-1977,0.003343781,0.004732658,0.004674757
10-01-1977,0.003214934,0.005314779,0.011564678
11-01-1977,0.022887861,-0.000831595,-0.03741197
12-01-1977,0.005383456,0.012308637,-0.001153522
01-01-1978,-0.011210414,0.000390935,-0.06212514
02-01-1978,0.00335677,0.010764801,-0.014262099
03-01-1978,0.009455865,-0.02196777,-0.045161751
04-01-1978,-0.003393414,-0.007344525,0.017131355
05-01-1978,0.023086741,0.001392319,-0.072631927
06-01-1978,0.033076698,0.007505685,-0.01377471
07-01-1978,0.003470436,0.001463952,0.003835455
08-01-1978,0.011673758,-9.84E-05,-0.058548551
09-01-1978,-0.018556825,-0.013697483,0.017380415
10-01-1978,-0.018093872,-0.024443566,0.190454257
11-01-1978,0.013185404,0.010380661,-0.04639815
12-01-1978,0.015016779,0.012786855,0.021988503
01-01-1979,-0.006810383,0.009084384,-0.052631215
02-01-1979,0.000898098,-0.000302885,-0.006169122
03-01-1979,0.013443988,0.013514429,-0.06622653
04-01-1979,-0.00435626,-0.002152493,-0.039015563
05-01-1979,0.01144037,0.006067311,0.016851516
06-01-1979,0.028445055,-0.012219289,-0.030204285
07-01-1979,0.032104162,0.000439945,0.009701518
08-01-1979,0.002485528,-0.001368827,-0.002403158
09-01-1979,-0.008456505,0.022651856,-0.031162655
10-01-1979,0.00597674,0.006931613,0.056109904
11-01-1979,0.038518635,0.003688716,-0.037661816
12-01-1979,0.017189215,0.0049527,-0.054363029
01-01-1980,0.02912173,0.033525559,-0.081294706
02-01-1980,-0.041084837,0.048682285,-0.067757197
03-01-1980,-0.000885234,-0.032591381,0.158872758
04-01-1980,0.0255787,0.019695651,-0.020123156
05-01-1980,-0.014992015,-0.016504676,-0.040186356
06-01-1980,0.019853488,-0.007194278,0.004106745
07-01-1980,0.02575288,-0.051179385,-0.012126498
08-01-1980,-0.003848509,0.029845436,-0.040666514
09-01-1980,0.041022902,0.050747679,0.01044888
10-01-1980,0.008712156,0.003421597,-0.016308849
11-01-1980,0.03361637,-0.038642083,-0.049553648
12-01-1980,0.005453868,0.024656157,0.074282499
01-01-1981,-0.030283906,0.021017226,0.08208874
02-01-1981,-0.005941426,-0.00250356,0.015941504
03-01-1981,0.020311267,0.028977619,-0.015821816
04-01-1981,-0.014617236,0.045877217,0.004067115
05-01-1981,0.013752338,0.017615688,-0.029275469
06-01-1981,-0.038357914,0.020912535,0.017472287
07-01-1981,0.02139258,0.005042572,-0.029285989
08-01-1981,-0.017995628,-0.011374621,0.054402563
09-01-1981,-0.039264233,0.004571623,0.114762142
10-01-1981,0.083289026,0.01895079,-0.036578136
11-01-1981,-0.009628009,-0.004118802,-0.003221611
12-01-1981,-0.019300542,-0.008274062,0.043874795
01-01-1982,-0.025481278,-0.024930572,0.071718281
02-01-1982,-0.027213468,0.022167851,0.057356508
03-01-1982,-0.026927305,0.035255631,0.048646869
04-01-1982,0.01393321,0.001375782,0.015090121
05-01-1982,-0.027381504,-0.006816723,0.052836116
06-01-1982,-0.014611423,0.000178164,0.063754952
07-01-1982,-0.009319841,-0.007091899,0.03944149
08-01-1982,0.022219527,-0.009756047,0.030039732
09-01-1982,-0.01235564,0.014958251,0.020109526
10-01-1982,0.033352743,-0.020416595,-0.01997885
11-01-1982,0.035412919,0.018971142,-0.011017964
12-01-1982,-0.013973808,0.028944011,0.023746176
01-01-1983,0.024296345,-0.016601876,-0.043829583
02-01-1983,0.007092684,0.00979839,0.069403078
03-01-1983,-0.016275801,0.010286152,-0.004320027
04-01-1983,-0.030751745,0.011855881,-0.019877901
05-01-1983,0.040895512,-0.013415475,-0.085813935
06-01-1983,0.028343211,0.009416868,0.00226755
07-01-1983,-0.029104005,-0.003146399,0.073590429
08-01-1983,-0.021844622,-0.000964894,0.060680653
09-01-1983,-0.001607478,-0.003326069,0.042398427
10-01-1983,-0.054681095,0.016691942,0.106725475
11-01-1983,0.022246575,0.001140184,-0.042429313
12-01-1983,-0.016127466,-0.004632957,0.037750864
01-01-1984,-0.033884611,-0.009539064,-0.028552097
02-01-1984,-0.041499622,-0.004791519,0.00330128
03-01-1984,0.024915622,0.005767023,0.005690622
04-01-1984,-0.001917015,0.006859938,0.04028561
05-01-1984,-0.010634254,0.003690661,0.039560987
06-01-1984,-0.011709332,-0.004751853,-0.001371527
07-01-1984,-0.003995471,-0.01764854,0.043607764
08-01-1984,0.039188606,0.001500181,-0.035722266
09-01-1984,-0.027711871,0.005796263,0.038220227
10-01-1984,0.013498894,-0.011534961,0.050139565
11-01-1984,-0.023047172,0.006994663,0.076084349
12-01-1984,0.016004026,-0.006700363,0.040658819
01-01-1985,0.046985548,-0.030915147,-0.04802545
02-01-1985,-0.017149927,0.01210777,-0.012979521
03-01-1985,-0.013110948,0.022185103,0.019220668
04-01-1985,-0.007121043,0.0032943,0.059240306
05-01-1985,0.020988082,-0.010285673,0.046360104
06-01-1985,0.009638727,0.002015036,0.028240932
07-01-1985,0.028872477,0.000189877,-0.017760528
08-01-1985,-0.014318619,0.014995801,0.018514967
09-01-1985,-0.029675162,0.008292937,0.044670421
10-01-1985,0.010495202,0.001463547,0.023921385
11-01-1985,0.020957529,-0.010892828,0.036904181
12-01-1985,0.012823667,-0.015813453,0.035995847
01-01-1986,0.058732783,-0.000955526,8.08E-05
02-01-1986,0.034669924,0.003469806,0.047647834
03-01-1986,0.012287503,0.00986002,0.038176341
04-01-1986,-0.018488484,0.004980054,-0.021900793
05-01-1986,0.006706578,0.014559077,0.013320154
06-01-1986,0.002755584,0.023723334,-0.001554349
07-01-1986,-0.026490403,0.013419251,0.059988891
08-01-1986,-0.035614702,0.018880727,0.042482244
09-01-1986,-0.023550875,0.013926322,-0.030378115
10-01-1986,-0.016090726,0.002950432,0.044977399
11-01-1986,-0.025694708,0.001226427,0.053261995
12-01-1986,0.008509111,0.005618581,0.028410828
01-01-1987,0.03219224,0.018710622,0.020129736
02-01-1987,0.074890044,-0.023102696,-0.006957474
03-01-1987,-0.022711115,0.024188108,0.014066948
04-01-1987,-0.013086884,0.011733965,0.019641531
05-01-1987,-0.001919574,0.007535939,0.005580775
06-01-1987,-0.001826466,-0.001613504,0.057989288
07-01-1987,-0.008803866,0.012774882,-0.005363024
08-01-1987,0.012147355,-0.011294297,0.042822115
09-01-1987,-0.00044096,0.002901391,0.009401494
10-01-1987,-0.052871793,0.004396268,0.110926628
11-01-1987,0.009423222,-0.002590405,-0.016540499
12-01-1987,0.036704863,0.001071302,0.059492637
01-01-1988,-0.025594547,-0.007934074,-0.020461373
02-01-1988,0.027262959,0.002165598,-0.046026883
03-01-1988,-0.008791329,0.004095816,-0.078611624
04-01-1988,-0.004504844,0.00702672,0.0099495
05-01-1988,-0.00702054,0.004231165,0.057892723
06-01-1988,0.041450542,-0.012110973,0.01463776
07-01-1988,-0.014725029,-0.005082102,0.00813297
08-01-1988,0.001035125,0.008308187,0.020589428
09-01-1988,0.023152991,-0.002719086,0.051558155
10-01-1988,-0.031243077,-0.001014653,0.049780468
11-01-1988,-0.020957846,0.012434254,-0.019908502
12-01-1988,0.014839975,-0.002314157,0.006537336
01-01-1989,0.004864278,-0.003381379,0.027625758
02-01-1989,-0.00489278,0.006378037,-0.022166042
03-01-1989,0.020527809,0.004038598,0.016918333
04-01-1989,0.019082434,0.004364629,0.044863974
05-01-1989,0.025229599,0.011004963,0.01094478
06-01-1989,0.00059451,0.003450968,0.011816394
07-01-1989,0.027547454,-0.000166784,0.093818868
08-01-1989,-0.015497011,-0.008963621,0.001431755
09-01-1989,0.027054042,0.002718983,-0.001470558
10-01-1989,0.004159548,0.004893205,0.05788786
11-01-1989,-0.003442812,0.017668408,0.071623269
12-01-1989,-0.011825751,0.013822901,0.042368632
01-01-1990,-0.023111025,-0.006263877,0.024485333
02-01-1990,-0.00349507,-0.001610054,0.005326446
03-01-1990,0.016400665,0.001267749,0.023560495
04-01-1990,0.020873124,-0.006653695,0.020434866
05-01-1990,0.035028498,-0.017008575,0.045092191
06-01-1990,0.022381691,0.006295677,0.012395834
07-01-1990,-0.020121907,0.011451581,0.072205594
08-01-1990,-0.005796068,0.01472764,0.025294619
09-01-1990,-0.008585585,0.020845102,0.100020691
10-01-1990,0.020229117,0.001381047,0.10614524
11-01-1990,0.025708641,-0.01714289,0.007359796
12-01-1990,0.015337027,-0.004610183,0.090139126
01-01-1991,0.010791917,-0.0143463,-0.031441185
02-01-1991,0.014481437,-0.010470143,-0.113786189
03-01-1991,0.022402282,-0.015963052,-0.043944651
04-01-1991,0.004237917,-0.011904084,0.025342061
05-01-1991,0.015873219,-0.015271589,0.022303568
06-01-1991,-0.009778217,-0.002409104,0.01828923
07-01-1991,0.030599834,-0.010338259,-0.001330027
08-01-1991,0.025548419,-0.005019835,-0.013494358
09-01-1991,-0.018137339,0.000358174,0.002457447
10-01-1991,0.01291733,0.002730587,-0.017688803
11-01-1991,0.015421129,-0.004290007,0.034629631
12-01-1991,0.065919224,-0.009247825,0.071601008
01-01-1992,-0.01581724,0.01076002,-0.168131481
02-01-1992,-0.009895438,0.007630814,-0.039493141
03-01-1992,-0.006086369,-0.010024878,0.024272993
04-01-1992,-0.033233842,-0.010645525,0.108304687
05-01-1992,0.00605711,-0.003292616,0.00387828
06-01-1992,-0.005666564,-0.002627305,0.073202928
07-01-1992,0.005648323,-0.003120012,0.010930475
08-01-1992,0.011530649,-0.008981026,0.044797741
09-01-1992,0.015096199,-0.003394064,0.018789303
10-01-1992,0.039195126,-0.011398672,0.006891147
11-01-1992,0.033355251,-0.007520024,-0.042614276
12-01-1992,0.020789147,-0.010782911,-0.012271345
01-01-1993,0.014337206,0.021238873,-0.083962006
02-01-1993,-0.012145969,0.022043799,0.060406729
03-01-1993,0.00547139,0.011117719,0.023192838
04-01-1993,-0.045019644,0.033490745,-0.021576043
05-01-1993,0.022965457,-0.000619384,-0.06086224
06-01-1993,0.018949413,-0.007539695,0.020274514
07-01-1993,-0.014891312,0.012738564,-0.006967338
08-01-1993,0.007744946,-0.00060943,-0.000932107
09-01-1993,0.022579962,0.003400403,-0.016537704
10-01-1993,-0.019189033,0.018251852,-0.052898021
11-01-1993,-0.010232432,-0.009184869,0.021052118
12-01-1993,0.004383297,0.005273069,0.045179509
01-01-1994,-0.000484936,-0.004861975,-0.003461885
02-01-1994,0.021108515,0.001568023,-0.00493461
03-01-1994,-0.006082544,0.004086868,0.048727195
04-01-1994,0.010783783,0.005397918,0.070773291
05-01-1994,0.010129411,-0.001561316,0.030215137
06-01-1994,-0.001086688,0.003926929,0.037751427
07-01-1994,0.004022305,-0.004810091,0.038568208
08-01-1994,0.01267089,-0.004014812,-0.031862895
09-01-1994,-0.012978918,0.004977654,-0.026185094
10-01-1994,0.004456891,-0.000733085,0.035333995
11-01-1994,-0.0096178,-0.007079327,0.02235046
12-01-1994,-0.010839592,0.014246829,0.064337705
01-01-1995,0.014280741,-0.001102629,0.012837179
02-01-1995,0.017569975,-0.002434125,0.080590805
03-01-1995,-0.011231228,-0.000152091,0.003369486
04-01-1995,0.001529103,-0.006546402,-0.013214038
05-01-1995,0.01672456,-0.007938025,0.031064705
06-01-1995,0.046474582,-0.018241958,-0.058798172
07-01-1995,0.031609034,-0.000164311,-0.062703611
08-01-1995,0.039257699,0.00369334,-0.005575817
09-01-1995,-0.006693374,0.005351336,0.038066221
10-01-1995,-0.023847503,0.019778535,0.091906598
11-01-1995,0.012409029,-0.002340881,0.018652654
12-01-1995,-0.013404643,0.007935145,0.070962381
01-01-1996,-0.001590297,-0.003403777,0.038647452
02-01-1996,0.026637267,-0.003184638,-0.024503886
03-01-1996,0.005848272,-0.00489079,0.025737316
04-01-1996,0.015410661,0.005463525,-0.138893726
05-01-1996,0.007915399,0.000948539,-0.064751453
06-01-1996,-0.023167756,0.011392762,0.127560158
07-01-1996,0.000452125,-0.010379626,0.12441648
08-01-1996,0.034215579,0.00182973,-0.060353776
09-01-1996,0.029647224,-0.004151762,-0.008803321
10-01-1996,0.022920453,-0.009233812,0.121990094
11-01-1996,0.019444542,-0.013929123,0.04771505
12-01-1996,-0.004479529,0.003476874,0.027879278
01-01-1997,0.029633172,-0.006315739,0.005630396
02-01-1997,-0.009308465,-0.013155722,0.110593359
03-01-1997,-0.023717592,0.008070922,0.067300286
04-01-1997,0.013887946,-0.00052515,0.076593948
05-01-1997,0.031406314,-0.002890918,-0.119747965
06-01-1997,-0.000270263,0.006562176,0.033512698
07-01-1997,0.056307068,-0.032411506,0.032156485
08-01-1997,0.014463324,0.009543064,-0.083485343
09-01-1997,0.030373981,-0.005033054,0.004811291
10-01-1997,-0.003895349,-0.006574008,0.048315316
11-01-1997,-0.034748438,0.004184884,0.097978944
12-01-1997,-0.007563431,-0.019565521,0.088385966
01-01-1998,0.017522556,0.013004926,0.018555273
02-01-1998,0.028463084,-0.004550594,-0.02007461
03-01-1998,0.000417018,-0.004059807,0.007768201
04-01-1998,0.014179783,0.006090284,-0.031470405
05-01-1998,-0.030284901,-0.001340964,0.064822706
06-01-1998,0.022801335,0.005134004,0.016853057
07-01-1998,0.011652478,0.010939582,0.044973116
08-01-1998,-0.079832432,0.039033847,0.155280367
09-01-1998,0.034121316,0.02468743,0.045963838
10-01-1998,0.03534182,-0.015841653,-0.012826545
11-01-1998,0.015686578,-0.001480904,-0.072883605
12-01-1998,0.05623869,0.009336446,-0.038795635
01-01-1999,0.077953047,0.020266719,-0.168754383
02-01-1999,0.011532052,-0.019088661,0.054351823
03-01-1999,0.03018819,0.015403207,-0.072011117
04-01-1999,-0.021131657,-0.033842132,-0.115977949
05-01-1999,-0.019995613,-0.001905973,0.047215913
06-01-1999,0.024944876,0.000367781,-0.037691084
07-01-1999,-0.014538059,0.019959987,0.048993942
08-01-1999,-0.013678656,0.033548796,-0.015464075
09-01-1999,0.015121907,0.030413979,-0.034200136
10-01-1999,0.042683544,0.010783355,-0.008948967
11-01-1999,-0.009063532,0.025648571,-0.208889667
12-01-1999,0.006872347,0.083799551,-0.219325408
01-01-2000,0.002262861,-0.008167157,-7.63E-05
02-01-2000,0.039728599,0.046916744,-0.282445398
03-01-2000,0.025559257,0.002000855,0.319483134
04-01-2000,-0.039783495,-0.051192793,0.196015667
05-01-2000,-0.009011843,-0.039727721,0.182504378
06-01-2000,0.054637924,0.043851493,-0.224972044
07-01-2000,0.017788327,-0.027543529,0.119397504
08-01-2000,0.021106617,0.004497057,-0.081378035
09-01-2000,-0.033883907,-0.083929998,0.111727838
10-01-2000,-0.044341,-0.006058287,0.136731342
11-01-2000,-0.051500448,-0.072611486,0.34982548
12-01-2000,-0.006200254,-0.071509086,0.005422821
01-01-2001,0.076116381,0.082761393,-0.248180278
02-01-2001,-0.071597627,-0.05019796,0.282711707
03-01-2001,-0.007202997,-0.016019761,0.222371199
04-01-2001,0.026224391,0.025056533,-0.205844138
05-01-2001,0.000284553,-0.00335181,0.045806482
06-01-2001,-0.009107586,0.00694753,-0.02471972
07-01-2001,-0.009238001,-0.01540457,0.153133116
08-01-2001,-0.037668117,-0.015836173,0.144748114
09-01-2001,0.02811909,-0.010029832,0.214802491
10-01-2001,0.006361964,-0.009353366,-0.130326824
11-01-2001,0.004396009,0.013202755,-0.097591192
12-01-2001,0.011733598,0.002830421,-0.046537693
01-01-2002,-0.04024459,0.000987659,0.056945824
02-01-2002,-0.028840364,0.001144209,0.189026043
03-01-2002,0.028938858,-0.018197582,-0.107156599
04-01-2002,-0.031337409,-0.014271453,0.102479758
05-01-2002,0.004178102,-0.006025163,0.047525247
06-01-2002,0.002880467,-0.003084207,0.141098112
07-01-2002,-0.019207297,0.002389625,0.07423935
08-01-2002,0.020428157,-0.008644643,-0.057426256
09-01-2002,0.013558606,0.010799023,0.0937404
10-01-2002,0.059948125,-0.000953978,-0.074376241
11-01-2002,-0.000550192,0.0174376,-0.244376356
12-01-2002,-0.014978012,0.000465017,0.090150851
01-01-2003,0.017464698,0.005029087,-0.051587381
02-01-2003,0.00491099,-0.000678804,0.026819396
03-01-2003,0.015605305,0.004071747,-0.007616398
04-01-2003,-0.002363896,-0.023173131,-0.127903898
05-01-2003,-0.015552904,-0.005070988,-0.158020236
06-01-2003,0.008672345,-0.001173364,-0.057091892
07-01-2003,0.013184918,-0.009294392,-0.058928415
08-01-2003,-0.006800733,0.006003525,-0.057206487
09-01-2003,-0.008958744,-0.003436741,-0.013675469
10-01-2003,0.018046763,-0.006176297,-0.055840055
11-01-2003,0.008860802,-0.000652366,-0.005438571
12-01-2003,0.020460431,0.007171256,0.027243785
01-01-2004,-0.001847882,0.013952428,-0.052899381
02-01-2004,-0.001370768,-0.010574895,0.015898964
03-01-2004,0.007679935,-0.002255548,-0.009561813
04-01-2004,0.002969773,0.002305127,0.071737532
05-01-2004,0.009989618,0.004951486,-0.062851877
06-01-2004,-0.005402073,0.014941528,-0.005944216
07-01-2004,-0.003943127,-0.005110338,0.090371929
08-01-2004,0.010480674,-0.023425751,0.042453906
09-01-2004,0.015916708,0.011551262,-0.055966858
10-01-2004,-0.012393136,0.013826129,-0.002832531
11-01-2004,-0.003136017,0.01487875,-0.071306194
12-01-2004,-0.003129711,-0.00104192,-0.013998667
01-01-2005,-0.004864228,-0.008816142,0.066565324
02-01-2005,0.003620049,-0.004091832,0.00527831
03-01-2005,-0.008566471,0.012928296,0.022599776
04-01-2005,0.011550329,-0.008625794,0.019336575
05-01-2005,0.009893187,0.008878423,-0.060541137
06-01-2005,0.017574832,-0.013858967,-0.03652532
07-01-2005,0.02122775,0.011760514,-0.024096941
08-01-2005,0.017858628,-0.002368599,-0.003202803
09-01-2005,0.017120491,0.010153054,0.001449357
10-01-2005,0.003652549,-0.013919678,0.026239209
11-01-2005,0.0040495,-0.001205078,-0.013976465
12-01-2005,0.010679037,0.000637196,-0.026418046
01-01-2006,0.029143688,0.017654205,-0.078299159
02-01-2006,-0.010977624,-0.011244556,0.033010707
03-01-2006,0.009848228,0.001097339,-0.045895995
04-01-2006,0.020929416,-0.000871195,0.012546235
05-01-2006,-0.032678212,-0.003364856,0.05372476
06-01-2006,-0.002832182,-0.000833092,0.019129508
07-01-2006,-0.003416534,-0.015004089,0.065400593
08-01-2006,-0.011078668,0.001188548,-0.017186998
09-01-2006,-0.014064347,-0.005244007,0.012547446
10-01-2006,0.004942086,0.004628717,-0.023838038
11-01-2006,0.027374399,0.011209422,-0.035915444
12-01-2006,-0.016573963,-0.0139494,0.027914922
01-01-2007,0.007341389,0.011073565,-0.002479286
02-01-2007,0.012261546,-0.001492087,-0.00440779
03-01-2007,0.018871666,0.01711706,0.010463325
04-01-2007,-0.012587026,0.001833732,0.016192566
05-01-2007,0.019704791,0.016255328,-0.014688592
06-01-2007,0.002355581,0.00170692,-0.005450089
07-01-2007,0.034618384,0.013645895,0.00104377
08-01-2007,-0.006950521,-0.005836141,0.03317478
09-01-2007,0.050351222,0.002459385,0.004253872
10-01-2007,0.048460228,0.032359843,-0.026151694
11-01-2007,-0.014701994,-0.000783478,0.056458417
12-01-2007,0.01566068,0.017182854,-0.0152966
01-01-2008,-0.014510452,-0.015289791,0.013741346
02-01-2008,0.053922393,0.018054352,0.070370781
03-01-2008,-0.001254146,-0.003222181,0.043040319
04-01-2008,0.026665513,0.014729292,-0.044609807
05-01-2008,0.031637201,0.021939223,-0.020288495
06-01-2008,0.040879926,0.024728276,-0.01314331
07-01-2008,-0.053548939,-0.02124831,0.033277976
08-01-2008,-0.043385555,0.010625056,0.022180645
09-01-2008,-0.057861661,-0.050467704,0.176003738
10-01-2008,-0.042296715,0.004025844,0.118115741
11-01-2008,0.018934669,-0.011845596,0.059655182
12-01-2008,0.019547212,0.012053161,0.017830993
01-01-2009,0.006656443,0.03550222,0.043696687
02-01-2009,0.032012996,0.027847631,0.071432062
03-01-2009,0.019783613,-0.013811009,-0.19695556
04-01-2009,-0.000212872,0.006339202,-0.291651656
05-01-2009,0.105196361,-0.00860062,-0.080341268
06-01-2009,-0.009349667,-0.011320118,0.024013818
07-01-2009,0.021384883,0.01707863,-0.048740855
08-01-2009,0.000443734,-0.0182927,-0.139865405
09-01-2009,0.024315194,0.008851644,-0.034900666
10-01-2009,-0.043454914,0.016839011,0.130352239
11-01-2009,0.025556157,-0.003406215,-0.001564378
12-01-2009,0.027954098,-0.001222146,-0.025780049
01-01-2010,-0.024606168,-0.018485238,0.013735919
02-01-2010,0.017143604,0.001386355,-0.034443962
03-01-2010,0.02329625,-0.00981317,-0.032272719
04-01-2010,-0.004219305,0.013215184,-0.028287261
05-01-2010,-0.005012826,0.004799551,0.025683746
06-01-2010,0.010208693,-0.009200778,0.066106504
07-01-2010,-0.010781931,0.010543215,-0.048884175
08-01-2010,0.009802887,0.004938755,0.005004655
09-01-2010,0.013583768,0.015415408,-0.035323506
10-01-2010,-0.003286372,0.012428734,-0.005708739
11-01-2010,0.021360799,0.003838597,-0.041541792
12-01-2010,0.039926366,-0.009358072,-0.001286539
01-01-2011,-0.024411672,0.012858977,0.031449725
02-01-2011,8.16E-05,-0.009155891,-0.006199077
03-01-2011,0.003232323,0.009056889,0.000695338
04-01-2011,-0.026649968,0.009717672,0.005512723
05-01-2011,-0.012767741,0.005175315,0.014487832
06-01-2011,-0.003375164,-0.001366602,0.020911169
07-01-2011,0.020209875,-0.004534114,-0.019084738
08-01-2011,-0.017991987,0.025195001,0.071208262
09-01-2011,-0.038364578,0.034905434,0.118121147
10-01-2011,0.035451983,-0.022859218,-0.054044737
11-01-2011,-0.024418883,0.009680414,0.046592413
12-01-2011,-0.016359774,-0.001909265,0.041542021
01-01-2012,0.065973144,-0.026304999,-0.087488586
02-01-2012,0.040975757,0.003695317,-0.032011163
03-01-2012,0.023737088,0.006542108,0.018264765
04-01-2012,-0.003648104,0.007724584,0.067037422
05-01-2012,-0.004439941,0.022895375,0.054173734
06-01-2012,-0.002235248,0.000782623,0.027761241
07-01-2012,0.008946575,0.012108882,0.062050969
08-01-2012,0.036447446,-0.005357965,-0.032598038
09-01-2012,0.000744382,-0.008054192,-0.012087224
10-01-2012,0.01292471,-0.013956726,0.027880835
11-01-2012,-0.003243548,-0.005355557,-0.017775774
12-01-2012,0.018867663,-0.019693754,-0.010184232
01-01-2013,-0.008526506,-0.019712058,-0.023300315
02-01-2013,-0.008564189,-0.005601425,0.029401959
03-01-2013,0.001463399,0.011146481,-0.007732283
04-01-2013,0.021030331,0.006194279,0.003406808
05-01-2013,0.025801169,-0.012070769,-0.036588713
06-01-2013,-0.001365444,-0.001537193,0.017657592
07-01-2013,0.023396668,0.005508668,-0.025169188
08-01-2013,0.00920646,0.009396569,-0.048710049
09-01-2013,0.01840427,-0.001816669,-0.004555512
10-01-2013,-0.001018265,0.005480581,0.044022289
11-01-2013,0.013338317,0.00440982,0.005767894
12-01-2013,-0.001346653,-0.00753601,-0.004958884
01-01-2014,0.027060789,0.003530956,-0.035896474
02-01-2014,0.015443478,0.004104706,-0.039083196
03-01-2014,-0.028781686,-0.004130341,0.055998576
04-01-2014,-0.00922235,0.008898859,0.066847901
05-01-2014,0.010389667,0.007484939,-0.002148456
