date,Mkt-RF,SMB,HML,RMW,CMA,MOM,STR,BAB,QMJ,RF
196307,-0.39,-0.46,-0.81,0.72,-1.16,0.99,-0.04,0.81,0.47,0.27
196308,5.07,-0.81,1.65,0.42,-0.4,1.08,1.36,-1.22,-0.63,0.25
196309,-1.57,-0.48,0.19,-0.8,0.23,0.13,1.2,1.07,0.61,0.27
196310,2.53,-1.29,-0.09,2.75,-2.26,3.14,-0.66,-1.88,2.08,0.29
196311,-0.85,-0.85,1.71,-0.34,2.22,-0.75,1.15,-0.52,-0.88,0.27
196312,1.83,-1.87,-0.1,0.18,-0.31,1.7,0.25,0.01,0.41,0.29
196401,2.24,0.09,1.61,0.21,1.51,1.06,-0.38,0.61,0.59,0.3
196402,1.54,0.3,2.82,0.04,0.87,0.25,0.19,-0.5,-0.4,0.26
196403,1.41,1.42,3.34,-2,2.95,0.72,0.34,-0.19,-0.97,0.31
196404,0.1,-1.5,-0.53,-1.4,-1.1,-0.6,3.35,2.53,0.81,0.29
196405,1.42,-0.68,1.96,-0.28,0.24,2.54,-1.31,0.52,0.09,0.26
196406,1.27,0.08,0.68,-0.36,0.13,0.47,0.51,0.79,-0.36,0.3
196407,1.74,0.47,0.7,0.02,1.91,-0.32,1.81,2.16,0.52,0.3
196408,-1.44,0.31,0.09,-0.09,0.35,-0.2,-1.08,0.94,-0.64,0.28
196409,2.69,-0.31,1.64,-0.36,0.59,-0.38,1.23,-1.84,0.25,0.28
196410,0.59,0.91,1.15,-0.18,0.45,0.13,1.21,0.62,-0.64,0.29
196411,0,-0.27,-1.99,0.62,-0.17,1.1,-0.76,1.99,0.27,0.29
196412,0.03,-0.56,-2.55,1.27,-1.65,-0.71,0.78,-0.03,0.73,0.31
196501,3.54,2.48,0.19,0.75,0.15,-1.3,2.93,0.06,-1,0.28
196502,0.44,3.3,0.19,0.26,-0.67,0.28,-0.55,-0.09,-0.76,0.3
196503,-1.34,2.01,1.07,-0.33,0.74,0.09,1.44,-0.47,-0.43,0.36
196504,3.11,1.19,0.7,0.34,-2.3,2.54,0.45,-0.44,-0.93,0.31
196505,-0.77,0.04,-1.61,-0.46,0.74,0.53,0.18,-0.01,-0.36,0.31
196506,-5.51,-4.31,0.58,0.13,0.44,-3.13,0.4,0.08,0.97,0.35
196507,1.43,1.05,2.17,-1.43,0,4.09,2.55,-0.96,-0.63,0.31
196508,2.73,2.74,-1.04,1.9,-0.72,2.57,-1.36,-1.94,-0.67,0.33
196509,2.86,0.62,-0.14,-1.07,0.84,3.32,-1.38,-1.26,-0.06,0.31
196510,2.6,3.43,1.5,1.24,-0.73,3.44,-1.22,-1.74,-0.15,0.31
196511,-0.03,5.21,0.2,-1.08,-0.89,4.41,-2.27,-2.06,-1.29,0.35
196512,1.01,2.67,1.99,-1.12,-0.5,0.15,2.84,-0.11,-1.83,0.33
196601,0.72,4.67,3.54,-2.9,-0.06,5.42,0.54,1.35,-0.55,0.38
196602,-1.21,4.79,0.39,0.1,-1.45,4.54,-2.67,-1.7,-2.11,0.35
196603,-2.51,0.24,-2.03,1.27,-0.04,1.35,-0.25,0.37,0.19,0.38
196604,2.14,3.36,-0.5,0.4,-0.92,6.21,-0.96,-1.1,-0.73,0.34
196605,-5.66,-5.16,-1.61,1.76,-1.5,-4.73,3.4,0.01,2.47,0.41
196606,-1.44,1.37,0.51,-0.04,0.77,3.31,2.5,-1.37,-0.89,0.38
196607,-1.63,-0.44,0.93,-0.5,1.72,-1.41,1.29,-0.02,0.76,0.35
196608,-7.91,-3.07,0.59,0.27,0.88,-2.08,0.24,-3,1.31,0.41
196609,-1.06,-1.13,0.54,-1.17,2.47,-1.77,1.03,1.26,0.9,0.4
196610,3.86,-6.49,2.9,-3.54,4.26,-5.13,-1.47,2.14,0.12,0.45
196611,1.4,3.47,-4.64,4.17,-6.63,5.73,9.07,-5.29,-0.08,0.4
196612,0.13,1.98,-1.34,0.86,-0.22,1.07,0.28,-0.74,-1.4,0.4
196701,8.15,9.1,1.9,0.58,-3.17,-6.75,3.55,1.4,-3.08,0.43
196702,0.78,3.06,-2.23,2.15,-0.98,3.56,1.23,2.62,-0.53,0.36
196703,3.99,1.99,0.18,0.63,-1.58,1.43,1.84,0.81,-0.88,0.39
196704,3.89,0.45,-2.61,2.56,-3.7,0.62,0.48,1.71,1.57,0.32
196705,-4.33,2.35,0.83,-1.85,1.65,0.59,1.8,2.01,0.6,0.33
196706,2.41,6.49,0.88,-0.64,-2.4,6.04,-1.08,-1.63,-1.14,0.27
196707,4.58,3.22,2.65,-1.57,2.75,-1.09,0.1,4.56,-1.45,0.31
196708,-0.89,0.75,1.46,0.51,1.4,-1.41,0.66,2.27,0.11,0.31
196709,3.11,2.41,-2.47,-0.02,-1,2.55,-0.62,2.13,1.09,0.32
196710,-3.09,0.48,-3.39,0.89,-2.58,3.66,-2.39,-0.04,1.21,0.39
196711,0.37,-0.01,-1.71,1.3,-2.29,1.29,0.25,-0.75,-0.27,0.36
196712,3.05,5.72,-0.39,-1.03,0.08,3.23,-0.14,0.2,-2.38,0.33
196801,-4.06,4.55,4.75,-3.88,6.42,-4.64,3.96,6.29,0.34,0.4
196802,-3.75,-2.91,1.17,-0.11,2.49,-3.41,-0.81,2.13,2.52,0.39
196803,0.2,-1.54,-0.59,1.04,-1.16,3.18,1.51,-1.58,-0.05,0.38
196804,9.05,6.19,-1.03,2.04,-3.69,5.15,-0.66,0.17,-2.42,0.43
196805,2.28,6.95,0.84,-0.22,-1.85,3.73,-1.98,1.81,0.03,0.45
196806,0.69,-0.26,0.67,-0.99,2.73,-1.92,3.75,6.89,-0.46,0.43
196807,-2.72,-1.35,5.48,-3.17,3.59,-0.84,-1.2,2.47,1.88,0.48
196808,1.34,2.29,1,-0.56,0.42,1.88,0.75,0.15,-0.09,0.42
196809,4.03,2.76,0.24,-2.19,0.89,-0.67,-0.09,0.71,-2.93,0.43
196810,0.42,-0.44,2.89,-1.36,2.79,-1.52,1.33,3.22,0.15,0.44
196811,5.43,2.42,-0.9,0.5,-2.5,1.73,3.34,2.57,-1.81,0.42
196812,-3.94,3.59,0.02,-1.76,1.66,0.11,2.35,1.05,-0.25,0.43
196901,-1.25,-0.47,1.69,-1.53,1.38,-0.15,2.4,0.69,-0.43,0.53
196902,-5.84,-4.12,0.9,2.11,0.79,-2.46,2.4,-0.31,4.39,0.46
196903,2.64,-0.4,-0.46,-1.39,-0.41,3.95,0.34,-1.76,0.19,0.46
196904,1.46,-0.82,0.03,0.33,0.08,1.17,-1,-0.48,0.77,0.53
196905,-0.1,-0.18,0.73,-1.03,1.51,1.68,1.44,1.76,1.32,0.48
196906,-7.18,-5.47,-1.09,4.22,-1.53,-2.22,-0.13,-1.31,4.88,0.51
196907,-7,-3.37,1.42,1.3,1.97,1.64,-1.85,-1.04,2.7,0.53
196908,4.68,0.71,-3.87,1.25,-4.08,2.13,3.3,-1.31,-0.08,0.5
196909,-2.98,1.29,-3.19,3.28,-0.83,2.53,0.6,0.12,3.99,0.62
196910,5.06,3.89,-3.19,-0.15,-2.03,-4.32,-0.55,1.2,-1.2,0.6
196911,-3.79,-2.41,-1.12,1.29,0.32,3.6,1.16,-0.38,2.83,0.52
196912,-2.63,-3.7,-3.02,2.09,-2.04,5.05,-3.04,0.57,4.27,0.64
197001,-8.1,3.07,3.04,-2,3.92,0.63,-0.17,0.98,1.48,0.6
197002,5.13,-2.59,4.04,-2.19,3.06,0.12,2.66,2.61,-2.56,0.62
197003,-1.06,-2.42,4.25,-1.02,4.43,-0.29,0.64,4.18,1.09,0.57
197004,-11,-6.3,6.39,-1.01,5.88,-0.73,-4.48,1.39,4.35,0.5
197005,-6.92,-4.41,3.6,-1.42,3.62,-2.69,-3.24,-4.99,0.76,0.53
197006,-5.79,-2.19,0.87,-0.06,2.9,5.78,-0.16,4.39,4.14,0.58
197007,6.93,-0.68,0.96,-0.1,1.9,-2.94,4.33,3.4,0.64,0.52
197008,4.49,1.54,1.03,0.67,-0.15,-6.5,1.46,-1.09,-2.24,0.53
197009,4.18,8.5,-5.58,0.42,-5.93,-8.92,0.55,-5.48,-3.91,0.54
197010,-2.28,-4.5,0.27,1.86,2.38,9.61,6.89,4.33,4.59,0.46
197011,4.59,-4,1.63,1.7,1.59,2.88,-0.52,4.37,1.08,0.46
197012,5.72,3.01,1.01,0.11,0.28,-2.2,2.5,6.05,-0.83,0.42
197101,4.84,7.56,1.38,-2.05,-0.14,-6.59,2,-1.54,-4.12,0.38
197102,1.41,2.05,-1.29,0.56,-0.72,0.81,1.77,-0.28,1.11,0.33
197103,4.13,2.16,-4.04,2.02,-2.69,-1.21,0.2,0.06,0.27,0.3
197104,3.15,-0.37,0.72,-1.43,0.72,1.32,0.91,-0.27,-1.35,0.28
197105,-3.98,-1.17,-1.38,1.31,0.3,0.88,0.56,-0.42,1.53,0.29
197106,-0.1,-1.46,-2.06,1.49,-1.74,2.7,-0.89,1.55,0.57,0.37
197107,-4.5,-1.4,0.17,0.52,1.62,-2.37,1.46,1.52,2.51,0.4
197108,3.79,-0.17,2.67,-0.34,2.6,3.51,5.46,-0.04,-2.56,0.47
197109,-0.85,0.21,-2.96,2.55,-1.56,2.09,0.32,0.08,2.28,0.37
197110,-4.42,-1.65,-0.43,1.32,-1.24,0.46,-1.23,0.84,2.11,0.37
197111,-0.46,-2.91,-1.7,2.21,-0.36,1.48,-0.82,-0.06,1.98,0.37
197112,8.71,3.26,-0.35,-0.4,-1.83,-0.68,3.72,2.98,-1.85,0.37
197201,2.49,6.32,1.99,-1.8,0.29,0.24,-0.29,-4.23,-1.75,0.29
197202,2.87,0.97,-2.76,1.97,-0.52,2.7,-0.03,-0.34,1.17,0.25
197203,0.63,-0.48,-1.73,1.5,-0.19,2.91,1.46,1.3,0.83,0.27
197204,0.29,0.15,0.23,-0.46,-0.89,2.9,0.18,-0.3,-0.54,0.29
197205,1.25,-3.15,-2.69,2.39,-1.85,3.19,-1.05,1.02,3.27,0.3
197206,-2.43,-0.35,-2.51,1.73,-0.36,1.93,-1.7,0.06,3.05,0.29
197207,-0.8,-2.74,0.78,1.02,-0.59,2.75,-2.25,1.45,2.23,0.31
197208,3.26,-3.54,4.69,-2.18,2.95,-5.34,0.63,2.28,-1.39,0.29
197209,-1.14,-2.25,0.47,1.65,-1.98,1.75,1.45,0.3,1.48,0.34
197210,0.52,-2.53,1.37,-0.08,-0.05,0.75,-0.7,2.45,-0.01,0.4
197211,4.6,-0.53,4.76,-2,3.35,-5.14,3.35,3.04,-2.14,0.37
197212,0.62,-1.82,-2.27,2.41,-2.2,4.98,3.88,1.54,2.91,0.37
197301,-3.29,-2.79,2.68,0.48,0.92,3.71,-1.39,-0.85,2.95,0.44
197302,-4.85,-4.02,1.7,-0.53,-0.01,2.12,-2.21,-0.02,0.99,0.41
197303,-1.3,-2.32,2.78,-0.97,0.73,3.62,0.43,-0.61,-0.14,0.46
197304,-5.68,-3.01,5.69,-1.77,2.71,6.4,-0.66,1.29,0.76,0.52
197305,-2.94,-5.99,0.21,1.9,-1.79,7.09,-1.02,0.71,1.68,0.51
197306,-1.56,-2.55,1.44,-0.34,0.22,4.31,0.15,-0.79,1.44,0.51
197307,5.05,7.24,-5.31,-0.19,-3.45,-11.69,9.56,-3.94,-2.73,0.64
197308,-3.82,-1.76,1.14,-1.37,1.2,3.42,1.77,-0.27,-0.66,0.7
197309,4.75,3.54,2.18,-2.29,1.82,-7.03,1.62,2.24,-4.88,0.68
197310,-0.83,-0.26,1.74,-1.9,2.59,6.75,1.81,1.35,0.4,0.65
197311,-12.75,-7.24,4.04,-2.65,1.49,8.63,-4.6,-4.12,1.84,0.56
197312,0.61,-4.59,4.09,-2.85,2.3,10.39,0.37,1.6,-2.9,0.64
197401,-0.17,10.41,5.99,-3.03,4.47,-8.82,9.16,-2.05,-3.35,0.63
197402,-0.47,0.17,2.54,-1.97,2.67,0.14,0.76,2.37,-1.99,0.58
197403,-2.81,2.64,-0.11,2.82,0.36,-0.99,4.02,0.63,3.04,0.56
197404,-5.29,-0.64,1.06,2.84,1.85,2,-1.33,-3.48,3.03,0.75
197405,-4.68,-3.18,-2.04,4.99,0,-0.26,-2.89,-1.6,4.06,0.75
197406,-2.83,-0.02,0.79,0.65,3.06,2.37,-0.97,-0.37,1.32,0.6
197407,-8.05,2.01,5.14,-3.23,4.58,3.01,0.92,-0.28,-1.88,0.7
197408,-9.35,0.31,2.5,-0.12,2.55,3,2.08,-4.77,0.41,0.6
197409,-11.77,1.46,5.49,-4.41,5.91,4.32,3.32,-1.09,-2.75,0.81
197410,16.1,-6.85,-9.99,0.02,-2.94,-0.5,8.81,4.58,1.82,0.51
197411,-4.51,-1.44,-0.16,-3.39,2.95,2.17,-0.31,-1.47,-1.05,0.54
197412,-3.45,-4.36,0,-0.59,3.23,2.95,-0.35,-2.67,1.87,0.7
197501,13.66,12.79,8.44,-0.95,-0.86,-13.89,14.76,4.84,-5.63,0.58
197502,5.56,-0.66,-4.56,1.06,-2.14,-0.55,4.66,-0.69,2.72,0.43
197503,2.66,3.99,2.49,1.34,-1.25,-1.99,3.56,-4.06,-0.4,0.41
197504,4.23,-0.58,-1.11,1.48,-1.35,1.34,-0.46,1.15,2.32,0.44
197505,5.19,2.9,-4.02,-0.99,-0.61,-0.47,3.95,1.39,-1.23,0.44
197506,4.83,1.31,1.32,-2.9,1.06,0.06,3.24,2.95,-3.45,0.41
197507,-6.59,3.41,1.7,0.44,1.19,0.42,1.2,4.01,-0.54,0.48
197508,-2.85,-2.8,-0.9,1.06,-0.89,-0.13,0.68,-0.29,2.2,0.48
197509,-4.26,0.02,0.34,0.68,0.5,0.32,-0.43,2.56,1.42,0.53
197510,5.31,-4.23,0.3,-0.4,2.27,-0.14,1.58,1.94,0.39,0.56
197511,2.65,-1.06,1.99,-0.56,1.71,-0.45,-2.52,1.47,-0.27,0.41
197512,-1.6,-0.04,1.76,-0.12,0.6,-0.12,3.25,-1.8,-1.21,0.48
197601,12.16,6.34,8.58,-1.88,2.36,4.46,2.82,2.54,-3.53,0.47
197602,0.32,7.97,5.78,-2.66,3.84,0.36,-2.46,0.66,-3.35,0.34
197603,2.33,-1.33,-0.04,-0.47,1.09,0.19,4.31,-0.45,0.31,0.4
197604,-1.49,0.14,-0.06,0.41,-1.1,0.5,2.09,2.5,-0.53,0.42
197605,-1.34,-1.12,-1.32,2.52,-1.42,-1.1,-0.82,0.21,1.49,0.37
197606,4.05,-1.13,0.68,-0.53,0.93,-0.42,0.66,-1.34,-1.39,0.43
197607,-1.07,0.62,1.74,-1.12,0.29,-0.12,1.66,1.87,0.02,0.47
197608,-0.56,-2.03,0.79,-0.44,-0.59,-0.85,-1.97,1.38,0.14,0.42
197609,2.06,0.13,-0.29,0.99,-1.14,0.24,-0.56,1.72,0.57,0.44
197610,-2.42,0.15,-0.13,-0.22,-0.31,-0.48,1.18,1.12,0.15,0.41
197611,0.36,2.67,1.51,-1.2,0.08,2.9,0.59,0.45,-2.03,0.4
197612,5.65,3.62,2.22,-0.44,2.23,0.77,3.94,3.17,-0.64,0.4
197701,-4.05,5.9,4.26,-0.45,1.93,3.98,0.57,4.07,-1.93,0.36
197702,-1.95,1.11,0.5,-0.16,-0.19,0.38,1.34,2.49,1.64,0.35
197703,-1.37,1.29,1.02,-0.38,-0.09,0.48,0.95,1.23,-0.77,0.38
197704,0.15,0.59,3.45,-2,1.16,4.24,-1.21,1.06,-1.67,0.38
197705,-1.46,1.28,0.84,0.39,0.11,2.03,-0.31,1.04,-0.34,0.37
197706,4.71,2.08,-0.64,0.95,-1.22,1.78,0.07,-0.22,-0.46,0.4
197707,-1.69,1.8,-0.6,0.59,0.01,0.31,1.05,2.86,1.12,0.42
197708,-1.75,0.9,-2.8,1.08,-0.61,-1.77,-0.67,0.34,2.68,0.44
197709,-0.27,1.54,-0.48,1.13,-0.84,2.05,0.87,0.41,0.46,0.43
197710,-4.38,1.5,1.71,-0.26,-0.45,-0.12,1.75,0.18,1.2,0.49
197711,4,3.61,0.32,-0.14,0.66,2.2,2.11,0.28,-0.33,0.5
197712,0.27,1.61,-0.35,1.03,-0.65,1.56,-0.16,2.37,0.34,0.49
197801,-6.01,2.68,3.32,-1.72,1.53,-0.72,1.12,0.23,-1.42,0.49
197802,-1.38,3.65,0.78,0.2,1.04,1.9,1.25,1.49,-0.04,0.46
197803,2.85,3.73,1.23,-0.46,1.89,1.37,-0.31,1.63,-1.83,0.53
197804,7.88,-0.31,-3.55,2.65,-1.35,0.85,0.19,3.21,2.56,0.54
197805,1.76,4.59,-0.62,0.44,0.36,2.85,0.01,2.21,0.56,0.51
197806,-1.69,1.59,0.58,-1.4,-0.02,2.78,1.37,2.1,-0.32,0.54
197807,5.11,0.15,-1.12,1.52,-0.78,4.23,0.92,0.37,1.15,0.56
197808,3.75,4.95,-0.46,1.52,0.42,2.82,0.93,4.65,0.2,0.56
197809,-1.43,-0.29,1.87,-0.76,1.8,-3.11,3.69,2.39,-0.74,0.62
197810,-11.91,-10.07,1.36,0.13,1.03,-8.38,-1.77,-3.75,4.03,0.68
197811,2.71,2.85,-2.22,1.21,-1.21,5.53,9.16,-4.21,-0.71,0.7
197812,0.88,1.09,-2.19,2.01,-1.38,3.04,-0.34,0.22,2.33,0.78
197901,4.23,3.86,2.25,-2.48,1.56,-1.27,5.49,3.34,-3.26,0.77
197902,-3.56,0.54,1.18,-1.15,1.02,-1.05,1.28,1.04,-0.55,0.73
197903,5.68,3.17,-0.67,0.68,0.29,2.89,1.41,-1.35,-1.73,0.81
197904,-0.06,2.39,1.07,1.18,0.23,0.8,-0.36,1.13,0.67,0.8
197905,-2.21,0.47,1.93,-0.87,-0.82,-0.21,0.84,-0.12,-1.34,0.82
197906,3.85,0.99,1.47,-1.7,-0.45,0.83,1.2,1.65,-2.47,0.81
197907,0.82,1.24,1.7,-0.18,0.59,-1.09,0.61,1.6,0.39,0.77
197908,5.53,1.94,-1.55,1.5,-1.45,-0.25,0.8,1.96,0.97,0.77
197909,-0.82,-0.29,-0.87,0.84,0.55,5.32,-1.57,0.39,0.43,0.83
197910,-8.1,-3.47,-1.86,1.02,0.24,2.15,-1.94,-4.7,2.4,0.87
197911,5.21,2.43,-3.25,0.18,-1.99,7.96,1.36,-1.6,-2.59,0.99
197912,1.79,4.34,-1.98,-0.6,-1.01,4.77,-1.92,0.84,-1.48,0.95
198001,5.51,1.88,1.8,-1.84,2,7.5,-3.39,2.63,-3.34,0.8
198002,-1.22,-1.62,0.62,-1.05,3.03,7.88,-4.97,-1.53,-1.86,0.89
198003,-12.9,-6.94,-1.06,1.75,-1.34,-9.58,8.38,-4.71,5.61,1.21
198004,3.97,0.99,1.06,-2.01,0.54,-0.42,1.38,2.09,-3.09,1.26
198005,5.26,2.12,0.39,0.41,-0.48,-1.12,2.87,3.65,0.51,0.81
198006,3.06,1.48,-0.89,-0.09,-0.94,1.59,2.18,3.69,-1.01,0.61
198007,6.49,3.95,-6.3,3.94,-2.46,0.37,2.91,-0.94,3.34,0.53
198008,1.8,4.26,-2.64,2.06,-0.8,3.2,-0.99,1.52,-0.67,0.64
198009,2.19,0.58,-4.79,1.87,-2.82,5.43,-1.44,1.29,1.74,0.75
198010,1.06,2.35,-2.74,1.41,-1.21,7.33,-1.99,-0.22,0.42,0.95
198011,9.59,-3.4,-8.35,4.21,-5.74,15.24,-9.84,-6.26,1.75,0.96
198012,-4.52,-0.32,2.68,-1.17,1.19,-6.65,6.39,0.92,1,1.31
198101,-5.04,3.37,6.84,-3.44,4.35,-7.94,-2.26,4.71,-0.58,1.04
198102,0.56,-0.48,0.97,0.13,2.26,-1.39,-2.22,1.96,1.58,1.07
198103,3.56,3.07,0.67,-2.16,-0.53,0.74,1.62,3.67,-0.6,1.21
198104,-2.1,4.6,2.26,0.92,1.21,-0.96,-1.53,5.67,0.96,1.08
198105,0.11,2.45,-0.43,0.31,-1.6,3.75,-3.7,-0.36,-1.67,1.15
198106,-2.36,-0.97,5.13,-1.41,2.68,-5.91,4.75,5.44,0.91,1.35
198107,-1.54,-1.99,-0.65,1.06,-3.04,-2.52,-0.59,-1.34,0.68,1.24
198108,-7.03,-1.82,4.83,-0.21,1.46,-1.12,-0.66,2,0.95,1.28
198109,-7.17,-2.51,5.19,-0.07,2.79,1.98,-1.15,-1.62,1.19,1.24
198110,4.92,2.25,-4.22,3.35,-2.76,4.07,4.67,-1.94,0.93,1.21
198111,3.36,-1.37,1.9,0.16,0.63,-0.26,2.6,4.37,1.01,1.07
198112,-3.65,1.19,0.74,0.3,2.41,1.32,1.62,2.21,2.15,0.87
198201,-3.24,-1.19,3.14,-1.61,2.08,1.73,-1.22,0.02,0.25,0.8
198202,-5.86,0.35,6.08,-3.44,4.57,5,-4.32,3.02,0.08,0.92
198203,-1.87,-0.01,3.78,-1.47,2.37,2.93,-1.86,1.64,-0.45,0.98
198204,3.27,1.17,-2.8,1.62,-0.15,-0.41,1.66,2.14,1.56,1.13
198205,-3.99,0.55,1.82,0.76,-0.09,2.56,1.93,2.48,1.31,1.06
198206,-3.09,-0.53,1.52,-0.11,2.72,5,0.16,-0.49,0.76,0.96
198207,-3.19,0.95,0.16,1.11,1.54,4.47,-2.91,1.49,1.74,1.05
198208,11.14,-4.29,1.16,-1.9,0.18,-3.52,1.12,-2.27,-0.87,0.76
198209,1.29,2.58,0.34,2.13,-0.04,4.17,4.29,7.55,2.57,0.51
198210,11.3,1.91,-3.68,0.47,-0.37,0.03,2.88,2.78,-1.87,0.59
198211,4.67,4.5,-1.96,-0.74,0.32,5.89,-4.47,6.73,1.52,0.63
198212,0.55,0,0.01,-0.14,1.03,0.02,3.78,3.04,1.11,0.67
198301,3.6,3.28,-0.86,-1.41,-0.46,-1.7,3.14,2.68,-2.32,0.69
198302,2.59,2.91,0.67,-0.65,1.02,3.83,2.69,8.33,0.99,0.62
198303,2.82,1.42,2.07,-0.01,2.82,0.93,0.36,6.53,0.68,0.63
198304,6.67,0.48,0.6,-0.19,1.59,1.81,-0.51,4.67,-0.56,0.71
198305,0.52,6.22,-1.4,-1.89,-1.53,-1.58,2.74,3.13,-2.26,0.69
198306,3.07,1.16,-3.86,2.28,-0.91,1.78,0.2,2.88,1.94,0.67
198307,-4.07,0.97,5.62,-0.11,2.84,-3.14,2,3.8,0.21,0.74
198308,-0.5,-4.32,5.54,0.51,1.94,-5.83,-0.87,-0.88,1.08,0.76
198309,0.92,0.24,1.1,1.15,0.6,-0.11,2.33,3.47,2.1,0.76
198310,-3.44,-3.82,5.06,-0.73,2.96,-4.56,-1.69,3.48,1.89,0.76
198311,2.16,1.88,-0.61,-0.6,0.65,-0.09,4.88,-0.13,-0.69,0.7
198312,-1.78,-0.48,1.68,1.48,1.22,0.75,1.9,1.36,1.98,0.73
198401,-1.92,-0.07,7.62,-1,3,-2.48,0.65,3.3,-2.67,0.76
198402,-4.82,-1.61,3.35,0.85,1.55,0.2,-2.01,-1.92,1.06,0.71
198403,0.63,-0.29,0.49,-0.89,1.09,1.1,2.42,-0.22,0.08,0.73
198404,-0.52,-1.02,1.29,3.29,0.75,2.05,1.51,-0.2,3.32,0.81
198405,-5.97,0.12,0.24,2.29,-0.5,1.53,0.86,1.76,3.03,0.78
198406,1.82,0.08,-2.61,3.06,-1.5,-0.7,0.94,0.75,2.8,0.75
198407,-2.74,-2.23,0.49,3.71,-2.17,2.93,-1.49,2.88,2.9,0.82
198408,10.28,-0.31,-1.84,-0.87,-0.83,-5.68,7.28,0.01,-1.93,0.83
198409,-0.8,0,5.32,1.47,2.53,3.67,4.35,4.44,0.08,0.86
198410,-0.84,-1.44,0.5,1.25,-1.16,3.21,-1.25,2.56,1.7,1
198411,-1.76,-0.99,4.08,0.89,2.08,1.7,-0.67,1.27,1.23,0.73
198412,1.84,-0.69,-0.17,1.23,-1.27,1.54,0.74,0.41,0.73,0.64
198501,7.99,3.5,-5.43,-0.89,-3.35,-6.9,2.33,1.85,-1.04,0.65
198502,1.22,0.99,-0.12,1.38,1.04,1.82,2.42,4.74,1.71,0.58
198503,-0.84,-1.5,4.1,1.23,2.93,1.68,-1.29,3.31,-0.32,0.62
198504,-0.96,-0.1,3.73,1.54,0.72,3.06,-2.47,3.29,0.2,0.72
198505,5.09,-2.34,-0.87,1.31,-1.39,3.99,-0.49,1.43,0.43,0.66
198506,1.27,0.43,0.62,1.56,-0.59,3.63,-0.63,2.9,0.75,0.55
198507,-0.74,2.9,-1.63,-0.55,-0.3,-3.94,3.62,-0.52,0.89,0.62
198508,-1.02,-0.32,2.28,0.05,1.89,1.82,1.82,0.74,0.39,0.55
198509,-4.54,-1.82,1.32,1.2,1.61,1.48,-1.84,0.41,2.91,0.6
198510,4.02,-1.55,0.78,0.77,-1.11,4.87,0.72,2.18,0.45,0.65
198511,6.48,0,-2.87,0.35,-2.33,-0.41,2.35,2.34,1.5,0.61
198512,3.88,-0.4,-1.53,0.85,-1.81,-0.13,-0.63,3.19,1.27,0.65
198601,0.65,1.01,0.53,-1.99,-2.05,2.96,0.73,1.76,-2.31,0.56
198602,7.13,-0.75,-0.94,1.1,-1.39,2.78,-1.63,4.45,1.29,0.53
198603,4.88,-0.56,-0.44,1.31,0.98,2.45,-0.24,4.48,0.68,0.6
198604,-1.31,2.93,-2.85,2.99,0.03,-0.5,2.84,1.77,1.99,0.52
198605,4.62,-1.26,-0.11,2.05,1.11,2.02,0.97,3.28,0.71,0.49
198606,1.03,-0.87,1.4,1.78,0.88,5.15,-2.35,5.04,1.97,0.52
198607,-6.45,-3.56,4.78,-0.75,0.61,1.8,-3.05,1.47,1.65,0.52
198608,6.07,-4.35,3.52,-1.6,3.24,-5.01,1.16,-1.63,-1.71,0.46
198609,-8.6,1.96,3.19,-0.11,3.62,-5.86,-0.33,-2.35,-1.04,0.45
198610,4.66,-2.33,-1.32,0.18,0.89,2.69,3.55,-1.5,0.75,0.46
198611,1.17,-1.88,-0.06,1.1,0.61,-0.32,0.69,-0.95,2.35,0.39
198612,-3.27,0.08,0.37,0.99,-0.03,0.4,0.55,-2.34,1.29,0.49
198701,12.47,-1.51,-3.18,0.24,-1.08,2.09,0.43,3.52,0.63,0.42
198702,4.39,3.41,-5.99,-0.78,-2.76,-2.17,-1.09,0.13,0.14,0.43
198703,1.64,0.21,1.65,1.3,4.04,1.59,1.83,5.01,-0.55,0.47
198704,-2.11,-1.55,-0.33,-0.47,1.22,0.26,-1.88,0.08,0.18,0.44
198705,0.11,-0.58,0.13,0.66,1.32,-0.69,-0.26,-0.37,0.26,0.38
198706,3.94,-2.29,1.07,1.8,0.83,-0.2,0.11,2.04,1.36,0.48
198707,3.85,-1.09,0.73,-0.39,1.6,2.67,-0.16,4.55,-0.59,0.46
198708,3.52,-0.9,-0.95,1.96,-1.63,-0.87,2.53,-0.48,3,0.47
198709,-2.59,0.38,0.29,-0.97,1.86,0.71,-0.41,0.28,-0.58,0.45
198710,-23.24,-8.13,4.2,1.73,2.3,-7.86,0.09,-12.75,5.51,0.6
198711,-7.77,2.85,3.09,-2.06,0.69,-1.14,-0.81,4.25,0.08,0.35
198712,6.81,0.07,-4.46,3.03,-2.44,5.83,5.9,-9.32,1.98,0.39
198801,4.21,-0.55,5.16,-1.08,2.13,-7.58,7.91,3.75,-1.63,0.29
198802,4.75,3.33,-1.64,1.88,-0.07,-1.54,4.36,-1.22,-0.14,0.46
198803,-2.27,6.25,0.75,-0.28,1.86,0.63,-0.9,5.47,-1.71,0.44
198804,0.56,1.12,1.68,-0.2,1.89,2.25,0.33,1.89,-0.09,0.46
198805,-0.29,-2.6,2.28,-0.76,0.34,0.64,0.58,1.02,1.02,0.51
198806,4.79,2.2,-1.1,1.49,-3.32,-2.91,1.82,-0.48,0.27,0.49
198807,-1.25,-0.17,2.27,-0.65,1.47,0.63,3.39,1.68,-0.68,0.51
198808,-3.31,-0.01,2.03,-0.74,1.76,0.33,-1.95,1.38,0,0.59
198809,3.3,-1.3,-0.68,1.73,-0.48,0.24,-0.14,-2.14,1.2,0.62
198810,1.15,-2.95,1.71,1.43,1.05,1.31,-0.91,0.19,0.6,0.61
198811,-2.29,-1.67,1.24,-0.32,1.58,0.42,-0.67,-1.93,0.49,0.57
198812,1.49,2,-1.56,0.67,-0.37,0.42,2.25,-2.49,0.84,0.63
198901,6.1,-2.22,0.51,-0.91,0.17,-0.14,1.05,0.86,-1.57,0.55
198902,-2.25,2.66,0.88,-0.76,1.87,0.93,1.08,1.05,-0.54,0.61
198903,1.57,0.75,0.47,0,0.75,3.54,-0.88,2.1,-0.85,0.67
198904,4.33,-0.69,-1.46,0.76,-0.52,1.7,-0.71,0.85,1.62,0.67
198905,3.35,0,-0.83,0.43,-0.02,1.56,-2.74,-0.43,0.52,0.79
198906,-1.35,-1.09,2.19,0.13,1.5,0.65,2.28,1.98,-0.33,0.71
198907,7.2,-4.06,-2.83,1.91,-0.63,5.44,1.3,0.89,1.74,0.7
198908,1.44,0.44,0.72,0.47,-0.5,-0.14,1.84,0.85,-0.37,0.74
198909,-0.76,0.46,-1.34,1.21,0.59,3.4,1.19,0.1,0.23,0.65
198910,-3.67,-3.32,-1.03,0.07,0.03,1.37,-4.27,0.41,3.29,0.68
198911,1.03,-1.32,-1.12,-1,1.47,2.58,-1.75,1.25,0.46,0.69
198912,1.16,-2.31,0.28,-0.16,1.44,2.81,-2.54,-0.92,1.71,0.61
199001,-7.85,-1.37,0.87,-1.39,1.32,-3.28,1.08,-0.24,0.74,0.57
199002,1.11,1.17,0.61,-0.2,-0.64,-0.53,0.44,-1.42,-0.73,0.57
199003,1.83,1.63,-2.9,2.13,-1.03,1.65,0.24,-0.02,1.64,0.64
199004,-3.36,-0.42,-2.55,1.59,-0.98,2.4,-2.02,-2.44,2.63,0.69
199005,8.42,-2.38,-3.74,1.78,-1.57,3.05,-0.45,-2.02,0.44,0.68
199006,-1.09,1.37,-1.94,-1.22,-0.34,2.43,-0.19,1.27,1.73,0.63
199007,-1.9,-3.29,-0.02,-0.44,3.09,5.93,-0.56,0.48,2.33,0.68
199008,-10.15,-3.88,1.59,-0.45,2.99,1.78,-3.52,-1.98,1.4,0.66
199009,-6.12,-3.77,0.73,0.01,3.71,5.53,-6,0.16,4.28,0.6
199010,-1.92,-5.1,0.25,2.92,-0.47,6.73,-2.62,-4.04,4.71,0.68
199011,6.35,-0.05,-3.16,0.81,-4.74,-5.62,5.9,-5.06,-0.49,0.57
199012,2.46,0.65,-1.56,2.91,-2.03,0.16,-3.11,-1.33,2.48,0.6
199101,4.69,3.89,-1.85,1.47,-4.09,-6.51,-2.03,-6.29,-0.52,0.52
199102,7.19,3.93,-0.53,-0.3,-0.15,-4.73,1.99,1.57,-3.18,0.48
199103,2.65,3.84,-1.24,-0.36,-1,2.81,0.47,1.12,-0.42,0.44
199104,-0.28,0.35,1.41,0.64,0.7,-2.4,1.6,4.99,-0.27,0.53
199105,3.65,0.17,-0.57,2.17,-2.45,-0.1,0.34,1.17,-0.46,0.47
199106,-4.94,0.15,1.22,1.59,0.63,0.46,2.1,2.53,2.57,0.42
199107,4.24,-0.95,-1.26,1.45,-1.41,4.31,2.06,0.36,-0.13,0.49
199108,2.32,1.48,-0.79,0.93,-0.56,1.62,-2.92,1.32,-0.11,0.46
199109,-1.59,1.55,-1,-1.79,0.16,1.73,-0.85,2.83,-1.05,0.46
199110,1.29,0.9,-0.44,-1.9,-0.3,3.21,-1.26,2.33,-1.3,0.42
199111,-4.19,-0.88,-1.93,0.91,0.12,1.26,-0.4,2.58,3.67,0.39
199112,10.84,-2.39,-4.04,3.82,-3.13,8.29,1.01,-3.29,1.92,0.38
199201,-0.59,9.25,4.53,-1.34,3.17,-2.47,5.29,5.29,-4.73,0.34
199202,1.09,1.38,6.37,0.28,2.04,-0.59,-2.69,3.74,-1.21,0.28
199203,-2.66,-0.91,3.65,-0.13,1.94,-0.35,-1.09,2.45,1.34,0.34
199204,1.07,-5.73,4.3,1.74,2.21,-2.61,-3.37,-0.36,1.06,0.32
199205,0.3,0.21,1.27,-1.02,0.42,0.12,-0.17,1,-0.03,0.28
199206,-2.34,-2.71,3.41,-0.06,1.07,-0.6,0.88,1.63,1.32,0.32
199207,3.77,-0.65,-0.53,1.27,-0.71,1.43,2.05,1.27,1.26,0.31
199208,-2.38,-0.41,-1.04,3.79,-1.6,-0.52,-1.56,1.03,3.67,0.26
199209,1.19,0.5,-0.21,1.67,-0.5,1.43,-1.15,1.71,0.57,0.26
199210,1.02,2.03,-2.1,1.35,-0.81,2.71,-0.16,-0.42,1.47,0.23
199211,4.13,3.93,-1.48,-0.79,-1.92,-0.34,-1.05,-0.52,-1.44,0.23
199212,1.53,1.64,2.52,-0.53,0.75,4.44,1.21,3.41,-1.23,0.28
199301,0.93,2.1,5.87,-1.63,2.78,4.84,-0.51,7.87,-3.67,0.23
199302,0.12,-3.45,6.42,-0.4,4.05,3.1,-1.41,5.79,-1.94,0.22
199303,2.3,0.04,1.22,-0.34,0.92,3.74,-0.94,4.73,-1.28,0.25
199304,-3.05,-0.88,2.61,-3.57,1.52,0.33,-1.71,4.88,-2.73,0.24
199305,2.89,1.9,-3.41,-0.05,-1.17,0.29,1.45,0.94,-1.05,0.22
199306,0.31,0.12,2.61,-0.87,1.1,4.58,2.24,3.55,-1.9,0.25
199307,-0.34,0.9,3.24,-2.14,2.02,3.24,-2.67,3.59,-1.57,0.24
199308,3.71,0.26,-0.45,-1.1,-0.03,2.58,1.23,2.22,-0.22,0.25
199309,-0.12,3.06,-0.45,0.69,-0.09,3.41,0.66,3.09,-0.29,0.26
199310,1.41,1.6,-1.54,-0.06,0.6,-2.67,1.93,3.24,-0.56,0.22
199311,-1.89,-1.42,-0.27,1.73,-0.96,-4.71,-1.37,-3.49,1.55,0.25
199312,1.65,1.37,0.57,0.79,-0.3,2.28,1.13,1.29,0.25,0.23
199401,2.87,-0.15,2.09,-2.31,1.47,0.02,1.73,3.47,-2.73,0.25
199402,-2.55,2.65,-1.44,2.52,-1.05,-0.29,0.42,-1.15,2.43,0.21
199403,-4.78,-1.03,1.31,0.61,1.25,-1.33,0.1,-0.74,1.46,0.27
199404,0.68,-1.06,1.68,0.89,1.12,0.42,-0.35,-1.23,0.92,0.27
199405,0.58,-2.45,0.2,0.89,0.72,-2.15,0.07,0.88,0.3,0.31
199406,-3.03,-0.52,1.68,1.08,1.49,-0.83,0.18,1.42,1.6,0.31
199407,2.82,-1.83,0.6,-0.88,0.13,0.19,1.41,-0.72,-0.65,0.28
199408,4.01,1.24,-2.83,0.51,-1.43,1.54,1.46,-2.19,1.5,0.37
199409,-2.31,2.65,-1.91,0.46,0.96,1.32,-0.73,3.81,1.04,0.37
199410,1.34,-2.34,-1.75,0.3,-0.62,1.41,-0.25,-1.93,2.88,0.38
199411,-4.04,0.12,-0.95,0.78,-0.45,-0.2,-2.09,-3.8,2.73,0.37
199412,0.86,-0.03,0.53,0.3,0.32,3.5,0.83,-3.02,0.79,0.44
199501,1.8,-2.73,0.82,0.86,-0.84,-1.82,4.06,1.27,0.81,0.42
199502,3.63,-0.57,1.05,0.57,-0.32,-0.34,2.41,1.47,-0.31,0.4
199503,2.19,-0.77,-1.07,-0.66,0.18,0.36,-0.12,1.14,0.88,0.46
199504,2.11,-0.44,2.25,-0.61,1.02,1.82,-0.55,1.34,-0.04,0.44
199505,2.9,-2.04,1.69,0.72,0.09,-0.43,-0.42,1.36,0.01,0.54
199506,2.72,2.95,-2.27,-0.59,-2.43,2.88,1.23,1.85,-0.89,0.47
199507,3.72,2.12,-1.69,0.64,-1.69,2.54,-2.23,1.43,-0.88,0.45
199508,0.55,1.83,2.71,-1.34,1.63,0.09,1.31,3.97,-1.82,0.47
199509,3.35,-1.9,-0.77,1.24,0.36,2.71,-0.84,3.28,1.98,0.43
199510,-1.52,-4.08,-0.75,1.92,-0.06,4.12,-1.05,-0.41,4.9,0.47
199511,3.96,-1.17,0.94,-0.81,1.19,-0.64,0.56,-1.04,-0.44,0.42
199512,1.03,0.7,0.85,-1.04,2.97,2.54,-0.96,2.69,-0.83,0.49
199601,2.26,-2.52,0.32,-0.21,2.26,0.57,1.06,4.43,-1.59,0.43
199602,1.33,1.79,-1.43,0.24,-1.79,0.58,2.15,0.74,0.73,0.39
199603,0.73,1.52,0.99,1.17,-0.96,-1.88,-0.06,2.59,-0.75,0.39
199604,2.06,4.63,-3.9,0.09,-2.18,-0.91,0.72,0.1,0.25,0.46
199605,2.36,3.12,-1.21,0.23,-0.21,1.56,-1.05,3.62,0.34,0.42
199606,-1.14,-3.47,1.55,3.43,1.09,1.01,-0.23,3.47,2.64,0.4
199607,-5.97,-3.61,4.45,3.23,2.6,-0.11,-2.5,-0.13,2.14,0.45
199608,2.77,2.52,-0.46,-0.47,-2.43,-0.05,2.65,0.79,-0.53,0.41
199609,5.01,-1.33,-3.15,1.35,-2.18,2.69,0.55,1.26,1.8,0.44
199610,0.86,-3.87,5.12,1.38,2.97,3.91,-1.13,3.17,0.96,0.42
199611,6.25,-3.8,1.16,1.7,-0.73,-2.23,0.16,0.9,2.09,0.41
199612,-1.7,3.19,0.9,0.37,1.51,0.61,0.56,2.49,0.24,0.46
199701,4.98,-1.82,-1.64,1.03,-0.27,1.95,2.68,4.01,0.64,0.45
199702,-0.49,-2.55,5.19,0.53,3.4,-2.05,1.26,5.79,0.66,0.39
199703,-5.02,-0.43,3.81,0.83,1.67,0.97,0.91,2.97,0.86,0.43
199704,4.04,-5.75,-0.07,2.93,-0.91,4.92,2.38,-1.47,3.76,0.43
199705,6.74,4.63,-3.87,-1.12,-2.9,-5.16,2.86,-1.88,-0.17,0.49
199706,4.1,1.23,1.23,0.59,0.54,2.62,0.81,5.72,0.77,0.37
199707,7.33,-2.85,0.84,-0.41,-2.54,3.81,3.82,0.83,0.31,0.43
199708,-4.15,7.67,1.38,-0.91,-0.03,-2.55,-0.07,2.17,-1.33,0.41
199709,5.35,2.55,0.02,-1.39,-0.91,1.45,1.66,8.11,-1.79,0.44
199710,-3.8,-0.49,1.96,1.21,1.89,-0.38,-0.96,4.65,1.18,0.42
199711,2.98,-5.02,0.78,3.21,1.66,0.29,-2.03,1.63,3.31,0.39
199712,1.32,-2,3.46,1.32,1.91,3.95,-3.05,6.64,0.42,0.48
199801,0.15,-1.4,-1.45,0.55,-0.83,0.11,5,-1.3,1.46,0.43
199802,7.04,-0.05,-0.13,-0.98,-2.42,-1.14,1.87,0.16,-0.13,0.39
199803,4.76,-0.61,1.06,-0.65,-0.48,2.15,1.82,3.79,-0.81,0.39
199804,0.73,-0.02,0.74,-2.19,-0.23,0.78,1.72,3.11,-0.14,0.43
199805,-3.07,-3.11,4.16,0.9,2.54,1.88,0.71,1.69,1.24,0.4
199806,3.18,-3.66,-2.32,-0.21,-2.91,7.26,-1.48,-1.2,1.2,0.41
199807,-2.46,-5.28,-0.97,2.04,0.44,3.68,-1.84,-0.19,2.15,0.4
199808,-16.08,-5.04,3.4,3.21,5.84,1.88,-2.65,-0.82,7.25,0.43
199809,6.15,-0.88,-3.31,-2,-2.9,-0.71,2.79,-3.66,-0.42,0.46
199810,7.13,-3.51,-2.2,0.71,0.27,-5.36,9.86,-8.72,0.83,0.32
199811,6.1,0.66,-3.14,-1.01,-1.14,1.16,1.21,-3.61,-0.11,0.31
199812,6.16,-1.54,-4.46,-0.94,-3.35,8.99,-1.67,-2.76,0.42,0.38
199901,3.5,-0.76,-4.03,-2.67,-6.88,3.04,-2.3,-3.64,-3.45,0.35
199902,-4.08,-5.08,1.4,-1.16,4.09,-0.16,2.34,1.08,-0.35,0.35
199903,3.45,-4.32,-2.64,-4.28,-1.38,-1.29,0.23,-7.2,-2.49,0.43
199904,4.33,4.63,2.51,-2.62,0.93,-9.06,2.44,-0.39,-4.61,0.37
199905,-2.46,3.72,2.4,1,3.34,-5.28,1.11,3.56,1.85,0.34
199906,4.77,2.28,-3.59,1.41,-3.39,4.89,1.53,-1.4,0.89,0.4
199907,-3.47,2.51,-0.77,0.45,3.09,1.52,1.37,0.14,2.06,0.38
199908,-1.38,-1.93,-1.31,-0.26,0.32,2.92,-3.24,-2.6,2.34,0.39
199909,-2.81,2.57,-3.39,-0.8,-1.04,6.44,-0.82,-4.38,0.82,0.39
199910,6.13,-7.12,-2.88,-1.96,-1.27,5.48,-1.03,-2.92,0.29,0.39
199911,3.37,5.87,-6.5,-4.29,-1.56,5.62,0.17,-12.22,-1.75,0.36
199912,7.72,5.52,-8.67,-7.72,-5.15,13.19,-13.96,-11.86,-3.11,0.44
200001,-4.74,4.18,-0.31,-5.57,4.68,1.86,2.58,2.55,-4.01,0.41
200002,2.45,18.27,-9.94,-18.72,-0.52,18.36,-13.38,-7.91,-10.35,0.43
200003,5.2,-14.85,7.37,12.11,-1.05,-6.39,9.89,1.92,6.44,0.47
200004,-6.4,-5.6,8.6,7.29,5.24,-8.58,-1.97,3.99,7.8,0.46
200005,-4.42,-3.68,2.56,4.63,0.73,-9.08,-8.7,3.61,4.37,0.5
200006,4.64,10.31,-9.86,-7.58,-3.06,16.6,12.24,-10.24,-5.12,0.4
200007,-2.51,-0.93,8.14,6.27,3,-0.11,6.5,4.2,3.72,0.48
200008,7.03,-1.11,-0.68,-3.14,0.61,5.71,0.46,-6.32,-3.2,0.5
200009,-5.45,0.23,6.24,3.22,6.38,2.18,2.49,6.42,3.28,0.51
200010,-2.76,-2.76,5.52,9.8,4.7,-4.63,-4.78,1.05,8.41,0.56
200011,-10.72,-0.39,11.3,13.51,8.51,-2.41,-14.61,12.59,12.92,0.51
200012,1.19,3.17,7.33,1.96,5.71,6.7,-6.6,2.1,-0.98,0.5
200101,3.13,5.73,-4.9,-4.91,-6.54,-25.06,16.21,-14.33,-6.37,0.54
200102,-10.05,2.73,12.9,9.49,9.58,12.51,12.22,13.7,7.97,0.38
200103,-7.26,2.35,6.45,3.47,3.95,8.35,-7.65,8.49,5.22,0.42
200104,7.94,-0.68,-4.69,-2.98,-3.97,-7.97,9.87,-5.52,-2.52,0.39
200105,0.72,3.6,3.14,0.28,2.19,2.12,3.63,7.24,-1.22,0.32
200106,-1.94,6.59,-1.06,1.64,-1.8,0.35,0.5,4.3,2.3,0.28
200107,-2.13,-2.84,5.58,7.45,3,5.47,1.28,7.56,4.98,0.3
200108,-6.46,2.73,2.5,3.86,6.5,5.54,-3.92,4.68,4.42,0.31
200109,-9.25,-5.58,1.6,5.44,3.28,11.53,-4.91,5.9,6.57,0.28
200110,2.46,5.37,-8.1,-2.95,-4.6,-8.41,14.8,-8.9,-1.69,0.22
200111,7.54,-0.36,2,-3.93,-1.66,-8.58,-3.14,-5.99,-2.6,0.17
200112,1.61,5.13,1.1,0.42,-0.32,-0.02,1.72,-2.77,-0.57,0.15
200201,-1.44,1.2,3.33,4.29,2.84,3.69,1.54,4.08,4.39,0.14
200202,-2.29,-0.42,2.5,7.78,5.14,6.76,-0.09,9.47,4.17,0.13
200203,4.24,4.22,1.1,-1.6,0.58,-1.67,2.83,1.46,-2.07,0.13
200204,-5.2,6.62,3.93,4.28,5.39,7.96,2.06,10.73,2.61,0.15
200205,-1.38,-3.04,1.69,2.26,2.41,2.97,-2.68,7.79,2.19,0.14
200206,-7.21,3.8,0.13,3.93,2.54,6.15,-3.37,7.85,3.62,0.13
200207,-8.18,-6.23,-3.41,3.98,-0.73,3.34,1.5,-0.67,6.34,0.15
200208,0.5,-1.23,2.49,1.47,-1.61,1.77,1.38,1.21,1.03,0.14
200209,-10.35,3.08,1.31,3.22,-2.29,9.09,-1.85,4.34,4.72,0.14
200210,7.84,-4.12,-5.46,-3.14,0.92,-5.3,7.52,-5.65,0.05,0.14
200211,5.96,2.83,-1.15,-9.5,5.16,-16.17,0.21,-13.75,-9.59,0.12
200212,-5.76,0.54,2.25,6.2,-1.61,9.65,10.58,9.48,4.65,0.11
200301,-2.57,0.83,-0.93,-0.61,0.81,1.62,0.2,3.63,-0.11,0.1
200302,-1.88,-0.89,-1.45,1.11,-0.54,1.25,-0.78,1.82,2.51,0.09
200303,1.09,0.58,-2.09,1.99,-0.69,1.61,-0.22,1.53,0.5,0.1
200304,8.22,1.03,1.03,-4.66,1.14,-9.46,3.09,-3.29,-5.57,0.1
200305,6.05,4.79,-0.3,-7.11,3.22,-10.77,-1.44,-3.28,-7.43,0.09
200306,1.42,1.68,0.66,0.54,-0.32,-1.06,-0.06,3.07,-1.01,0.1
200307,2.35,4.71,-1.15,-4.07,1.89,-0.31,2.47,-4.72,-2.51,0.07
200308,2.34,2.53,2.03,-2.39,2.19,-0.56,-1.45,0.51,-1.98,0.07
200309,-1.24,0.51,0.02,1.16,0.28,-0.19,4.52,2.13,0,0.08
200310,6.08,2.63,1.75,-1.55,1.58,3.73,2.1,0.54,-1.7,0.07
200311,1.35,2.19,1.86,-0.18,1.69,1.62,-1.5,4.6,-0.05,0.07
200312,4.29,-2.7,2.42,-0.04,1,-5.71,1.74,5.99,-1.88,0.08
200401,2.15,2.56,1.98,-3.59,3.34,2.6,2.29,-1.97,-4.08,0.07
200402,1.4,-0.89,0.49,2.54,-1.35,-1.09,1.46,5.41,0.21,0.06
200403,-1.32,2.1,0.21,1.59,-1.04,0.21,-2.15,5.02,1.96,0.09
200404,-1.83,-2.18,-2.62,3.13,-2.82,-5.39,-0.21,-0.13,3.67,0.08
200405,1.17,-0.41,-0.39,-1.08,-0.09,1.61,2.26,0.34,-0.56,0.06
200406,1.86,2.55,1.38,1.02,-0.39,2.1,0.3,2.63,-0.47,0.08
200407,-4.06,-2.99,4.11,5.28,-1.63,-2.29,-1.34,5.74,4,0.1
200408,0.08,-1.28,1.03,1.3,-1.41,-1.55,-2.36,2.85,0.26,0.11
200409,1.6,3.3,-0.25,-1.26,-1.88,5.24,3.04,2.89,-1.61,0.11
200410,1.43,0.29,-0.62,-0.08,0.41,-1.52,0.15,1.93,0.73,0.11
200411,4.54,4.13,1.8,-1.09,-0.23,3.23,1.47,2.81,-2.58,0.15
200412,3.43,0.01,-0.06,-1.34,0.5,-2.84,0.91,1.42,-0.97,0.16
200501,-2.76,-1.11,1.96,3.12,-1.37,3.21,1.49,4.1,1.59,0.16
200502,1.89,-0.29,1.64,1.33,-0.06,3.16,-2.35,3.33,-0.07,0.16
200503,-1.97,-1.41,1.56,0.49,1.09,0.54,0.13,0.45,1.78,0.21
200504,-2.61,-4.04,-0.35,0.82,-0.89,-0.85,-1.85,1.72,1.9,0.21
200505,3.65,2.71,-0.83,-1.37,0.26,0.43,3.16,-1.73,0.11,0.24
200506,0.57,3.28,2.62,1.14,-0.53,2.05,0.04,3.6,-0.88,0.23
200507,3.92,2.79,-0.51,-1.43,-0.98,-0.01,-0.11,1.58,-1.97,0.24
200508,-1.22,-0.88,1.27,-2.32,0.45,2.27,-1.44,0.2,-1.04,0.3
200509,0.49,-0.29,0.77,0.56,-0.57,3.46,-3.73,0.28,-1.16,0.29
200510,-2.02,-1.4,0.23,-0.59,-1.26,-1.28,1.58,-2.17,1.61,0.27
200511,3.61,0.79,-1.18,-0.68,-1.17,0.25,0.09,-0.11,-0.21,0.31
200512,-0.25,-0.25,0.44,0.29,0.21,0.77,1.95,0.85,-2.16,0.32
200601,3.04,5.76,1.12,-0.97,-0.53,2.68,-1.1,0.96,-3.03,0.35
200602,-0.3,-0.42,-0.25,-0.51,2.03,-1.84,3.35,0.74,-0.94,0.34
200603,1.46,3.43,0.61,-0.24,-0.53,1.26,0.03,0.95,-0.9,0.37
200604,0.73,-0.81,2.59,1.31,-0.2,0.61,-0.36,1.31,-0.81,0.36
200605,-3.57,-3.01,2.55,0.89,1.31,-3.65,-0.03,0.24,1,0.43
200606,-0.35,-0.23,0.87,1.41,-0.12,1.49,-0.61,0.02,1.31,0.4
200607,-0.78,-3.67,2.94,1.74,0.93,-2.21,0.24,2,0.7,0.4
200608,2.03,0.44,-1.72,-1.76,2.15,-3.47,1.75,-0.5,-0.46,0.42
200609,1.84,-1.44,0.05,0.91,0.54,-0.94,0.73,-0.16,1.52,0.41
200610,3.23,1.92,-0.04,-0.29,0.24,-0.24,-0.24,0.42,-1.65,0.41
200611,1.71,0.83,0.07,0.2,-0.87,-1.01,-0.97,1.26,-0.92,0.42
200612,0.87,-0.8,3.16,-0.73,2.05,0.84,2.38,2.53,-0.45,0.4
200701,1.4,0.06,-0.11,0.12,0.23,0.21,1.06,1.33,-1.28,0.44
200702,-1.96,1.39,-0.09,-0.48,-0.75,-1.35,0.25,1.18,-0.91,0.38
200703,0.68,0.05,-0.22,0.19,-0.61,2.47,-2.02,-0.11,-0.12,0.43
200704,3.49,-2.02,-1.15,0.95,1.01,-0.16,-0.3,0.77,-0.26,0.44
200705,3.24,0.3,-0.05,1.24,-1.3,-0.26,-1.13,-1.08,0.64,0.41
200706,-1.96,0.75,-1.13,0.41,0.07,0.38,-0.84,0.68,1.1,0.4
200707,-3.73,-2.89,-3.34,0.45,-1.04,2.8,-3.38,-0.67,1.82,0.4
200708,0.92,-0.36,-2.24,-1.05,-0.55,0.11,-2.64,-2.91,1.61,0.42
200709,3.22,-2.42,-1.87,-0.51,-3.17,4.58,0.3,1.38,-1.26,0.32
200710,1.8,0.03,-2.59,-0.2,-0.1,4.96,-3.89,0.26,-0.58,0.32
200711,-4.83,-2.85,-1.18,1.62,-0.33,0.93,-1.71,-3.84,4.16,0.34
200712,-0.87,0.19,-0.52,0.87,-1.09,6.52,-2.05,-2.6,1.07,0.27
200801,-6.36,-0.52,3.65,1.89,2.2,-7.89,6.97,-2.05,-0.17,0.21
200802,-3.09,-0.49,-0.95,0.83,-1.07,6.14,5.03,2.25,2.15,0.13
200803,-0.93,0.7,-0.15,0.77,0.47,4.1,-0.26,-6.68,2.71,0.17
200804,4.6,-1.11,-0.96,1.64,-2.56,-0.2,3.14,-2.14,-0.91,0.18
200805,1.86,3.23,-1.38,0.86,0.04,3.21,-2.33,0.86,1.04,0.18
200806,-8.44,1.15,-2.43,4.39,-0.42,12.54,-7.16,0.41,3.76,0.17
200807,-0.77,3.68,5.81,-0.95,1.07,-5.15,8.18,-6.76,0.08,0.15
200808,1.53,3.42,1.56,1.74,0.81,-4.05,-0.71,-1.36,2.68,0.13
200809,-9.24,0.38,6.33,2.81,1.8,0.39,-3.66,-9.36,4.18,0.15
200810,-17.23,-3.22,-2.89,3.42,1.87,7.8,-9.59,-4.98,9.06,0.08
200811,-7.86,-3.87,-5.94,4.82,2.72,7.12,-10.15,-3.64,8.44,0.03
200812,1.74,3.37,-0.24,0.13,-1.38,-5.06,5.21,-7.68,-0.2,0
200901,-8.12,-2.02,-11.1,0.38,-1.22,-1.88,0.51,11.65,3.63,0
200902,-10.1,-1.15,-7.25,1.94,-1.14,4.13,-6.79,-0.26,5.77,0.01
200903,8.95,0.63,3.53,-2.44,-2.25,-11.54,3.54,-2.74,-3.66,0.02
200904,10.19,6.71,5.46,0.25,0.17,-34.39,-6.85,-7.86,-7.26,0.01
200905,5.21,-2.35,-0.21,-1.18,-2.13,-12.44,-2.88,6.38,-6.45,0
200906,0.43,2.32,-2.71,-0.92,-0.16,5.29,4.9,9.14,2.83,0.01
200907,7.72,2.48,5.28,-0.47,3.21,-5.36,4.34,-3.67,-4.26,0.01
200908,3.33,-0.06,7.76,-3.05,3.19,-8.83,-2.11,-2.17,-6.96,0.01
200909,4.08,2.75,0.92,1.68,0.38,-4.93,1.23,-0.46,-2.15,0.01
200910,-2.59,-4.76,-4.17,4.21,-1.67,2.62,2.22,0.84,5.67,0
200911,5.56,-2.79,-0.17,0.72,0.16,0.29,0.25,-1.24,-0.34,0
200912,2.75,6.27,0.01,0.73,-0.08,2.93,1.6,0.96,-0.27,0.01
201001,-3.36,0.3,0.31,-1.32,0.44,-5.4,3.67,0.98,-0.76,0
201002,3.4,1.46,3.16,-0.46,1.4,3.64,1.79,0.76,-0.62,0
201003,6.31,1.77,2.1,-0.62,1.71,3.65,0.8,1.52,-3.19,0.01
201004,2,5.05,2.81,0.91,1.7,3.2,-1.77,1.53,-3.52,0.01
201005,-7.89,0.04,-2.38,1.08,-0.22,-0.14,0.55,-0.63,2.76,0.01
201006,-5.56,-2.51,-4.5,-0.18,-1.54,-3,-4.84,2.28,2.93,0.01
201007,6.93,0.07,-0.27,0.13,1.99,1.89,4.02,-2.25,-1.73,0.01
201008,-4.77,-3.13,-1.95,0.48,-1.7,-0.18,1.05,1.62,1.1,0.01
201009,9.54,3.73,-3.12,-0.09,0.49,1.35,3.18,-1.19,-0.34,0.01
201010,3.88,0.79,-2.59,1.41,-0.22,1.63,-1.35,2.09,0.4,0.01
201011,0.6,3.6,-0.9,0.3,1.63,2.53,-0.95,-0.56,-0.59,0.01
201012,6.82,0.99,3.81,-3.53,3.22,-3.19,2.42,-0.14,-4.63,0.01
201101,1.99,-2.41,0.81,-0.8,0.69,-0.33,0,3.04,-1.21,0.01
201102,3.49,1.64,1.09,-1.9,0.94,2.01,-1.1,0.77,-0.95,0.01
201103,0.45,2.66,-1.55,1.48,0,3.55,-0.79,0.41,1.71,0.01
201104,2.9,-0.51,-2.51,1,-0.83,0.06,-1.01,0.54,1.22,0
201105,-1.27,-0.69,-2.06,1.98,-1.49,-0.6,-1.24,1.45,2.82,0
201106,-1.75,0.09,-0.31,2.3,-1.46,1.73,-1.07,0.44,2.95,0
201107,-2.36,-1.28,-1.23,2.6,-1.82,0.09,-1.15,-0.28,0.99,0
201108,-5.99,-3.21,-2.44,3.13,-0.21,-0.33,-1.35,0.83,5.99,0.01
201109,-7.59,-3.72,-1.46,2,0.24,-2.57,-9.71,2.02,6.87,0
201110,11.35,3.54,-0.17,-1.96,-0.87,-1.43,12.3,-5.99,-4.13,0
201111,-0.28,-0.27,-0.35,1.7,1.53,3.99,1.18,0.46,3.31,0
201112,0.74,-0.45,1.74,0.89,2.39,1.93,-1.45,1.29,1.01,0
201201,5.05,2.14,-1.09,-1.82,-1.4,-7.92,6.62,0.66,-4.26,0
201202,4.42,-1.62,0.09,-0.17,-0.06,-0.31,-0.43,2.56,-0.82,0
201203,3.11,-0.46,0.87,-0.48,0.79,1.51,-0.72,3.94,0.59,0
201204,-0.85,-0.58,-0.47,1.2,0.66,3.83,-0.55,2.83,1.15,0
201205,-6.19,-0.08,-0.62,2.27,2.37,6.62,-3.48,2.35,3.29,0.01
201206,3.89,0.95,0.44,-1.37,0.34,-1.13,-0.74,1.04,-0.99,0
201207,0.79,-2.69,-0.25,0.77,0.12,3.13,1.41,1.03,1.17,0
201208,2.55,0.45,1.28,-1.34,-0.74,-2.48,3.07,-0.83,-0.84,0.01
201209,2.73,0.69,1.52,-1.08,1.62,-1.02,-0.13,0.83,-1.57,0.01
201210,-1.76,-0.81,3.79,-1.47,2.26,0.1,0.38,2.17,-1.95,0.01
201211,0.78,0.32,-0.96,0.35,0.9,0.38,0.85,-1.31,1.15,0.01
201212,1.18,1.91,3.55,-1.69,0.87,-2.94,0.08,-0.98,-2.42,0.01
201301,5.57,0.52,0.92,-1.93,1.5,-1.86,-1.39,4.48,-2.14,0
201302,1.29,-0.37,0,-0.59,0.46,1.3,-1.09,1.82,0.53,0
201303,4.03,0.82,-0.26,0.3,1.35,1.95,-1.95,2.36,-0.65,0
201304,1.55,-2.3,0.59,0.18,0.44,0.24,-1.21,1.68,-0.62,0
201305,2.8,2.09,2.55,-1.69,-0.77,-1.81,1.69,-1.41,-0.66,0
201306,-1.2,1.39,-0.19,-0.34,-0.06,0.6,0.52,2.04,1.4,0
201307,5.65,1.78,0.55,-1.55,0.54,1.72,1.93,1.76,-1.36,0
201308,-2.71,0.01,-2.78,0.75,-2.16,0.03,-0.71,-0.37,0.66,0
201309,3.77,2.71,-1.18,-0.59,-1.29,3.01,-0.54,0.8,-0.9,0
201310,4.18,-1.48,1.15,2.92,0.91,0.16,-0.17,2.91,1.74,0
201311,3.12,1.36,0.24,0.3,0.09,0.41,0.76,1.97,1.29,0
201312,2.81,-0.52,-0.3,-0.49,0.07,0.07,1.25,0.23,-1.57,0
201401,-3.32,0.6,-2.08,-3.71,-1.35,1.7,0.27,1.96,-3.62,0
201402,4.65,0.13,-0.39,-0.41,-0.44,2.07,-0.27,-0.16,-1.29,0
201403,0.43,-1.18,5.09,1.99,1.9,-3.31,2.64,1.58,1.8,0
201404,-0.19,-4.14,1.14,3.61,1.03,-3.87,-2.08,0.25,0.7,0
201405,2.06,-1.84,-0.26,0.33,-1.08,1.14,0.52,1.08,0.2,0
201406,2.61,3.08,-0.74,-1.9,-1.95,0.7,-0.66,-0.36,-2.42,0
201407,-2.04,-4.25,0.01,1.01,0.48,-0.24,2.73,0.97,1.54,0
201408,4.24,0.3,-0.57,-0.5,-0.65,0.81,1.52,1.7,-0.64,0
201409,-1.97,-3.78,-1.22,0.96,-0.53,0.51,-0.16,2.47,3.42,0
201410,2.52,3.78,-1.69,-0.65,-0.14,0.02,-2.72,2.07,4.04,0
201411,2.55,-2.26,-2.99,1.45,0.2,1.03,-3.45,2.29,2.61,0
201412,-0.06,2.84,2.07,-1.38,0.89,1.08,-1.06,0.41,-0.06,0
201501,-3.11,-0.86,-3.47,1.54,-1.68,3.86,-0.45,2.62,-1.05,0
201502,6.13,0.24,-1.77,-1.09,-1.69,-2.86,3.63,-2.02,0.59,0
201503,-1.12,3.08,-0.45,0.11,-0.53,2.97,-0.11,1.3,0.04,0
201504,0.59,-3.02,1.85,0.03,-0.54,-7.37,4.1,-2.02,-0.86,0
201505,1.36,0.82,-1.33,-1.83,-0.7,5.97,2.55,2.72,-0.17,0
201506,-1.53,2.83,-0.81,0.37,-1.5,3.1,-3.56,1.92,2.22,0
201507,1.54,-4.57,-4.14,-0.3,-2.61,10.29,-5.18,4.96,2.06,0
201508,-6.04,0.4,2.69,0.63,1.25,-2.08,1.64,-1.49,1.8,0
201509,-3.08,-2.83,0.53,1.38,-0.52,5.31,-3.31,5.47,5.45,0
201510,7.75,-2.16,-0.09,0.9,0.44,-3.94,0.85,-1.08,0.62,0
201511,0.56,3.36,-0.51,-2.75,-1.07,2.27,-0.02,1.29,0.32,0
201512,-2.17,-2.98,-2.57,-0.04,0.12,3.42,1.14,2.55,0.98,0.01
201601,-5.77,-3.51,2.1,2.28,3.01,1.43,-2.75,0.81,7.78,0.01
201602,-0.07,0.92,-0.48,3.22,2.12,-4.09,-0.92,-0.56,2.67,0.02
201603,6.96,1.14,1.14,1.08,-0.01,-5.17,1.54,-2.48,-2.25,0.02
201604,0.92,1.18,3.25,-2.98,1.94,-6.22,0.11,-2.66,-4.96,0.01
201605,1.78,-0.71,-1.8,-1.23,-2.59,1.91,0.12,2.19,0.48,0.01
201606,-0.05,0.48,-1.49,1.12,1.93,4.21,1.55,2.87,0.46,0.02
201607,3.95,2.67,-1.13,1.59,-1.27,-3.06,4.48,2.34,-0.1,0.02
201608,0.5,1.72,3.34,-1.47,-0.35,-3.13,-0.32,-1.87,0.29,0.02
201609,0.25,1.75,-1.49,-1.92,-0.04,-0.55,0.01,-0.21,-3.42,0.02
201610,-2.02,-3.97,4.16,1.24,0.2,0.64,2.71,1.18,3.39,0.02
201611,4.86,6.81,8.27,-0.5,3.67,-4.21,0.04,-1.64,0.85,0.01
201612,1.82,0.39,3.61,0.98,-0.25,-0.38,-1.06,3.86,1.87,0.03
201701,1.94,-1.28,-2.68,0.13,-0.94,-0.91,3.44,0.08,-2.59,0.04
201702,3.57,-2.14,-1.79,0.62,-1.74,-1.66,-1.11,1.83,0.87,0.04
201703,0.17,0.81,-3.17,0.83,-1,-0.97,-0.96,1.4,0.6,0.03
201704,1.09,0.51,-1.91,2.13,-1.55,0.52,-2.2,1.99,2.63,0.05
201705,1.06,-3.07,-3.75,1.32,-1.84,1.43,-3.59,2.44,2.39,0.06
201706,0.78,2.46,1.32,-2.13,-0.06,-0.22,4.02,0.03,-1.41,0.06
201707,1.87,-1.59,-0.28,-0.58,-0.14,1.62,2.04,0.29,0.26,0.07
201708,0.16,-1.87,-2.26,0.44,-2.44,3.57,-0.4,-0.05,0.03,0.09
201709,2.51,4.8,3.02,-1.5,1.64,-1.2,2.73,-0.19,-0.92,0.09
201710,2.25,-1.94,-0.08,1.18,-3.32,4.28,-0.83,0.37,2.26,0.09
201711,3.12,-0.39,0.02,3.05,0.04,-0.75,0.31,1.83,2.21,0.08
201712,1.06,-1.04,0.1,0.78,1.62,-1.59,-0.76,0.07,-2.05,0.09
